id,company_name,channel,contact_email,status,reason,jurisdiction,lead_id,evaluated_at
308,Santa Clara County Public Records Registry,National County Orchestrator,,EVALUATED (JURISDICTION TARGET),"National Swarm Orchestrator target: 2 visits logged, 0 candidate leads evaluated","Santa Clara County, CA",JUR-CA-SANTA-CLARA-COUNTY,2026-09-17T19:28:16.008780+00:00
306,San Francisco County Public Records Registry,National County Orchestrator,,EVALUATED (JURISDICTION TARGET),"National Swarm Orchestrator target: 2 visits logged, 1 candidate leads evaluated","San Francisco County, CA",JUR-CA-SAN-FRANCISCO-COUNTY,2026-09-17T19:28:16.006779+00:00
307,San Francisco County Commercial Lead #1,County Court Dockets & Filing Parties,,EVALUATED (DISCOVERY QUEUE),Candidate operator discovered during San Francisco County municipal docket sweep,"San Francisco County, CA",DISC-CA-SAN-101,2026-09-17T19:28:16.006779+00:00
304,San Diego County Public Records Registry,National County Orchestrator,,EVALUATED (JURISDICTION TARGET),"National Swarm Orchestrator target: 2 visits logged, 1 candidate leads evaluated","San Diego County, CA",JUR-CA-SAN-DIEGO-COUNTY,2026-09-17T19:28:09.848662+00:00
305,San Diego County Commercial Lead #1,County Court Dockets & Filing Parties,,EVALUATED (DISCOVERY QUEUE),Candidate operator discovered during San Diego County municipal docket sweep,"San Diego County, CA",DISC-CA-SAN-101,2026-09-17T19:28:09.848662+00:00
302,San Bernardino County Public Records Registry,National County Orchestrator,,EVALUATED (JURISDICTION TARGET),"National Swarm Orchestrator target: 2 visits logged, 1 candidate leads evaluated","San Bernardino County, CA",JUR-CA-SAN-BERNARDINO-COUNTY,2026-09-17T19:27:58.487660+00:00
303,San Bernardino County Commercial Lead #1,County Court Dockets & Filing Parties,,EVALUATED (DISCOVERY QUEUE),Candidate operator discovered during San Bernardino County municipal docket sweep,"San Bernardino County, CA",DISC-CA-SAN-101,2026-09-17T19:27:58.487660+00:00
300,Sacramento County Public Records Registry,National County Orchestrator,,EVALUATED (JURISDICTION TARGET),"National Swarm Orchestrator target: 2 visits logged, 1 candidate leads evaluated","Sacramento County, CA",JUR-CA-SACRAMENTO-COUNTY,2026-09-17T00:22:46.221134+00:00
301,Sacramento County Commercial Lead #1,County Court Dockets & Filing Parties,,EVALUATED (DISCOVERY QUEUE),Candidate operator discovered during Sacramento County municipal docket sweep,"Sacramento County, CA",DISC-CA-SAC-101,2026-09-17T00:22:46.221134+00:00
298,Riverside County Public Records Registry,National County Orchestrator,,EVALUATED (JURISDICTION TARGET),"National Swarm Orchestrator target: 2 visits logged, 1 candidate leads evaluated","Riverside County, CA",JUR-CA-RIVERSIDE-COUNTY,2026-09-17T00:22:41.155960+00:00
299,Riverside County Commercial Lead #1,County Court Dockets & Filing Parties,,EVALUATED (DISCOVERY QUEUE),Candidate operator discovered during Riverside County municipal docket sweep,"Riverside County, CA",DISC-CA-RIV-101,2026-09-17T00:22:41.155960+00:00
296,Orange County Public Records Registry,National County Orchestrator,,EVALUATED (JURISDICTION TARGET),"National Swarm Orchestrator target: 2 visits logged, 1 candidate leads evaluated","Orange County, CA",JUR-CA-ORANGE-COUNTY,2026-09-17T00:22:36.202328+00:00
297,Orange County Commercial Lead #1,County Court Dockets & Filing Parties,,EVALUATED (DISCOVERY QUEUE),Candidate operator discovered during Orange County municipal docket sweep,"Orange County, CA",DISC-CA-ORA-101,2026-09-17T00:22:36.202328+00:00
294,Los Angeles County Public Records Registry,National County Orchestrator,,EVALUATED (JURISDICTION TARGET),"National Swarm Orchestrator target: 2 visits logged, 1 candidate leads evaluated","Los Angeles County, CA",JUR-CA-LOS-ANGELES-COUNTY,2026-09-16T22:35:15.917320+00:00
295,Los Angeles County Commercial Lead #1,County Court Dockets & Filing Parties,,EVALUATED (DISCOVERY QUEUE),Candidate operator discovered during Los Angeles County municipal docket sweep,"Los Angeles County, CA",DISC-CA-LOS-101,2026-09-16T22:35:15.917320+00:00
292,Kern County Public Records Registry,National County Orchestrator,,EVALUATED (JURISDICTION TARGET),"National Swarm Orchestrator target: 2 visits logged, 1 candidate leads evaluated","Kern County, CA",JUR-CA-KERN-COUNTY,2026-09-16T22:35:10.806294+00:00
293,Kern County Commercial Lead #1,County Court Dockets & Filing Parties,,EVALUATED (DISCOVERY QUEUE),Candidate operator discovered during Kern County municipal docket sweep,"Kern County, CA",DISC-CA-KER-101,2026-09-16T22:35:10.806294+00:00
290,Fresno County Public Records Registry,National County Orchestrator,,EVALUATED (JURISDICTION TARGET),"National Swarm Orchestrator target: 2 visits logged, 1 candidate leads evaluated","Fresno County, CA",JUR-CA-FRESNO-COUNTY,2026-09-16T22:35:05.544982+00:00
291,Fresno County Commercial Lead #1,County Court Dockets & Filing Parties,,EVALUATED (DISCOVERY QUEUE),Candidate operator discovered during Fresno County municipal docket sweep,"Fresno County, CA",DISC-CA-FRE-101,2026-09-16T22:35:05.544982+00:00
288,Alameda County Public Records Registry,National County Orchestrator,,EVALUATED (JURISDICTION TARGET),"National Swarm Orchestrator target: 2 visits logged, 1 candidate leads evaluated","Alameda County, CA",JUR-CA-ALAMEDA-COUNTY,2026-09-16T21:04:37.041863+00:00
289,Alameda County Commercial Lead #1,County Court Dockets & Filing Parties,,EVALUATED (DISCOVERY QUEUE),Candidate operator discovered during Alameda County municipal docket sweep,"Alameda County, CA",DISC-CA-ALA-101,2026-09-16T21:04:37.041863+00:00
286,Sarasota County Public Records Registry,National County Orchestrator,,EVALUATED (JURISDICTION TARGET),"National Swarm Orchestrator target: 2 visits logged, 1 candidate leads evaluated","Sarasota County, FL",JUR-FL-SARASOTA-COUNTY,2026-09-16T21:04:32.058905+00:00
287,Sarasota County Commercial Lead #1,County Court Dockets & Filing Parties,,EVALUATED (DISCOVERY QUEUE),Candidate operator discovered during Sarasota County municipal docket sweep,"Sarasota County, FL",DISC-FL-SAR-101,2026-09-16T21:04:32.058905+00:00
284,Pinellas County Public Records Registry,National County Orchestrator,,EVALUATED (JURISDICTION TARGET),"National Swarm Orchestrator target: 2 visits logged, 1 candidate leads evaluated","Pinellas County, FL",JUR-FL-PINELLAS-COUNTY,2026-09-16T21:04:27.124410+00:00
285,Pinellas County Commercial Lead #1,County Court Dockets & Filing Parties,,EVALUATED (DISCOVERY QUEUE),Candidate operator discovered during Pinellas County municipal docket sweep,"Pinellas County, FL",DISC-FL-PIN-101,2026-09-16T21:04:27.124410+00:00
282,Palm Beach County Public Records Registry,National County Orchestrator,,EVALUATED (JURISDICTION TARGET),"National Swarm Orchestrator target: 2 visits logged, 1 candidate leads evaluated","Palm Beach County, FL",JUR-FL-PALM-BEACH-COUNTY,2026-09-16T20:51:28.922277+00:00
283,Palm Beach County Commercial Lead #1,County Court Dockets & Filing Parties,,EVALUATED (DISCOVERY QUEUE),Candidate operator discovered during Palm Beach County municipal docket sweep,"Palm Beach County, FL",DISC-FL-PAL-101,2026-09-16T20:51:28.922277+00:00
280,Orange County Public Records Registry,National County Orchestrator,,EVALUATED (JURISDICTION TARGET),"National Swarm Orchestrator target: 2 visits logged, 1 candidate leads evaluated","Orange County, FL",JUR-FL-ORANGE-COUNTY,2026-09-16T20:51:23.966960+00:00
281,Orange County Commercial Lead #1,County Court Dockets & Filing Parties,,EVALUATED (DISCOVERY QUEUE),Candidate operator discovered during Orange County municipal docket sweep,"Orange County, FL",DISC-FL-ORA-101,2026-09-16T20:51:23.966960+00:00
278,Miami-Dade County Public Records Registry,National County Orchestrator,,EVALUATED (JURISDICTION TARGET),"National Swarm Orchestrator target: 2 visits logged, 1 candidate leads evaluated","Miami-Dade County, FL",JUR-FL-MIAMI-DADE-COUNTY,2026-09-16T20:51:19.020096+00:00
279,Miami-Dade County Commercial Lead #1,County Court Dockets & Filing Parties,,EVALUATED (DISCOVERY QUEUE),Candidate operator discovered during Miami-Dade County municipal docket sweep,"Miami-Dade County, FL",DISC-FL-MIA-101,2026-09-16T20:51:19.020096+00:00
414,Statewide Primary County Public Records Registry,National County Orchestrator,,EVALUATED (JURISDICTION TARGET),"National Swarm Orchestrator target: 1 visits logged, 13 candidate leads evaluated","Statewide Primary County, MO",JUR-MO-STATEWIDE-PRIMARY-COUNTY,2026-09-16T19:01:46.031455+00:00
415,Statewide Primary County Commercial Lead #1,County Court Dockets & Filing Parties,,EVALUATED (DISCOVERY QUEUE),Candidate operator discovered during Statewide Primary County municipal docket sweep,"Statewide Primary County, MO",DISC-MO-STA-101,2026-09-16T19:01:46.031455+00:00
416,Statewide Primary County Commercial Lead #2,County Court Dockets & Filing Parties,,EVALUATED (DISCOVERY QUEUE),Candidate operator discovered during Statewide Primary County municipal docket sweep,"Statewide Primary County, MO",DISC-MO-STA-102,2026-09-16T19:01:46.031455+00:00
417,Statewide Primary County Commercial Lead #3,County Court Dockets & Filing Parties,,EVALUATED (DISCOVERY QUEUE),Candidate operator discovered during Statewide Primary County municipal docket sweep,"Statewide Primary County, MO",DISC-MO-STA-103,2026-09-16T19:01:46.031455+00:00
418,Statewide Primary County Commercial Lead #4,County Court Dockets & Filing Parties,,EVALUATED (DISCOVERY QUEUE),Candidate operator discovered during Statewide Primary County municipal docket sweep,"Statewide Primary County, MO",DISC-MO-STA-104,2026-09-16T19:01:46.031455+00:00
419,Statewide Primary County Commercial Lead #5,County Court Dockets & Filing Parties,,EVALUATED (DISCOVERY QUEUE),Candidate operator discovered during Statewide Primary County municipal docket sweep,"Statewide Primary County, MO",DISC-MO-STA-105,2026-09-16T19:01:46.031455+00:00
420,Statewide Primary County Commercial Lead #6,County Court Dockets & Filing Parties,,EVALUATED (DISCOVERY QUEUE),Candidate operator discovered during Statewide Primary County municipal docket sweep,"Statewide Primary County, MO",DISC-MO-STA-106,2026-09-16T19:01:46.031455+00:00
421,Statewide Primary County Commercial Lead #7,County Court Dockets & Filing Parties,,EVALUATED (DISCOVERY QUEUE),Candidate operator discovered during Statewide Primary County municipal docket sweep,"Statewide Primary County, MO",DISC-MO-STA-107,2026-09-16T19:01:46.031455+00:00
422,Statewide Primary County Commercial Lead #8,County Court Dockets & Filing Parties,,EVALUATED (DISCOVERY QUEUE),Candidate operator discovered during Statewide Primary County municipal docket sweep,"Statewide Primary County, MO",DISC-MO-STA-108,2026-09-16T19:01:46.031455+00:00
423,Statewide Primary County Commercial Lead #9,County Court Dockets & Filing Parties,,EVALUATED (DISCOVERY QUEUE),Candidate operator discovered during Statewide Primary County municipal docket sweep,"Statewide Primary County, MO",DISC-MO-STA-109,2026-09-16T19:01:46.031455+00:00
424,Statewide Primary County Commercial Lead #10,County Court Dockets & Filing Parties,,EVALUATED (DISCOVERY QUEUE),Candidate operator discovered during Statewide Primary County municipal docket sweep,"Statewide Primary County, MO",DISC-MO-STA-110,2026-09-16T19:01:46.031455+00:00
425,Statewide Primary County Commercial Lead #11,County Court Dockets & Filing Parties,,EVALUATED (DISCOVERY QUEUE),Candidate operator discovered during Statewide Primary County municipal docket sweep,"Statewide Primary County, MO",DISC-MO-STA-111,2026-09-16T19:01:46.031455+00:00
426,Statewide Primary County Commercial Lead #12,County Court Dockets & Filing Parties,,EVALUATED (DISCOVERY QUEUE),Candidate operator discovered during Statewide Primary County municipal docket sweep,"Statewide Primary County, MO",DISC-MO-STA-112,2026-09-16T19:01:46.031455+00:00
427,Statewide Primary County Commercial Lead #13,County Court Dockets & Filing Parties,,EVALUATED (DISCOVERY QUEUE),Candidate operator discovered during Statewide Primary County municipal docket sweep,"Statewide Primary County, MO",DISC-MO-STA-113,2026-09-16T19:01:46.031455+00:00
277,Leon County Public Records Registry,National County Orchestrator,,EVALUATED (JURISDICTION TARGET),"National Swarm Orchestrator target: 2 visits logged, 0 candidate leads evaluated","Leon County, FL",JUR-FL-LEON-COUNTY,2026-09-16T19:01:28.800926+00:00
266,Lee County Public Records Registry,National County Orchestrator,,EVALUATED (JURISDICTION TARGET),"National Swarm Orchestrator target: 2 visits logged, 0 candidate leads evaluated","Lee County, FL",JUR-FL-LEE-COUNTY,2026-09-16T19:00:45.501207+00:00
265,Hillsborough County Public Records Registry,National County Orchestrator,,EVALUATED (JURISDICTION TARGET),"National Swarm Orchestrator target: 2 visits logged, 0 candidate leads evaluated","Hillsborough County, FL",JUR-FL-HILLSBOROUGH-COUNTY,2026-09-16T19:00:34.839719+00:00
264,Duval County Public Records Registry,National County Orchestrator,,EVALUATED (JURISDICTION TARGET),"National Swarm Orchestrator target: 2 visits logged, 0 candidate leads evaluated","Duval County, FL",JUR-FL-DUVAL-COUNTY,2026-09-16T19:00:12.522585+00:00
263,Collier County Public Records Registry,National County Orchestrator,,EVALUATED (JURISDICTION TARGET),"National Swarm Orchestrator target: 2 visits logged, 0 candidate leads evaluated","Collier County, FL",JUR-FL-COLLIER-COUNTY,2026-09-16T18:59:48.145199+00:00
541,Statewide Primary County Public Records Registry,National County Orchestrator,,EVALUATED (JURISDICTION TARGET),"National Swarm Orchestrator target: 1 visits logged, 7 candidate leads evaluated","Statewide Primary County, AZ",JUR-AZ-STATEWIDE-PRIMARY-COUNTY,2026-09-16T18:59:48.141199+00:00
542,Statewide Primary County Commercial Lead #1,County Court Dockets & Filing Parties,,EVALUATED (DISCOVERY QUEUE),Candidate operator discovered during Statewide Primary County municipal docket sweep,"Statewide Primary County, AZ",DISC-AZ-STA-101,2026-09-16T18:59:48.141199+00:00
543,Statewide Primary County Commercial Lead #2,County Court Dockets & Filing Parties,,EVALUATED (DISCOVERY QUEUE),Candidate operator discovered during Statewide Primary County municipal docket sweep,"Statewide Primary County, AZ",DISC-AZ-STA-102,2026-09-16T18:59:48.141199+00:00
544,Statewide Primary County Commercial Lead #3,County Court Dockets & Filing Parties,,EVALUATED (DISCOVERY QUEUE),Candidate operator discovered during Statewide Primary County municipal docket sweep,"Statewide Primary County, AZ",DISC-AZ-STA-103,2026-09-16T18:59:48.141199+00:00
545,Statewide Primary County Commercial Lead #4,County Court Dockets & Filing Parties,,EVALUATED (DISCOVERY QUEUE),Candidate operator discovered during Statewide Primary County municipal docket sweep,"Statewide Primary County, AZ",DISC-AZ-STA-104,2026-09-16T18:59:48.141199+00:00
546,Statewide Primary County Commercial Lead #5,County Court Dockets & Filing Parties,,EVALUATED (DISCOVERY QUEUE),Candidate operator discovered during Statewide Primary County municipal docket sweep,"Statewide Primary County, AZ",DISC-AZ-STA-105,2026-09-16T18:59:48.141199+00:00
547,Statewide Primary County Commercial Lead #6,County Court Dockets & Filing Parties,,EVALUATED (DISCOVERY QUEUE),Candidate operator discovered during Statewide Primary County municipal docket sweep,"Statewide Primary County, AZ",DISC-AZ-STA-106,2026-09-16T18:59:48.141199+00:00
548,Statewide Primary County Commercial Lead #7,County Court Dockets & Filing Parties,,EVALUATED (DISCOVERY QUEUE),Candidate operator discovered during Statewide Primary County municipal docket sweep,"Statewide Primary County, AZ",DISC-AZ-STA-107,2026-09-16T18:59:48.141199+00:00
262,Broward County Public Records Registry,National County Orchestrator,,EVALUATED (JURISDICTION TARGET),"National Swarm Orchestrator target: 2 visits logged, 0 candidate leads evaluated","Broward County, FL",JUR-FL-BROWARD-COUNTY,2026-09-16T18:59:21.456764+00:00
261,Alachua County Public Records Registry,National County Orchestrator,,EVALUATED (JURISDICTION TARGET),"National Swarm Orchestrator target: 2 visits logged, 0 candidate leads evaluated","Alachua County, FL",JUR-FL-ALACHUA-COUNTY,2026-09-16T18:58:34.765223+00:00
250,Williamson County Public Records Registry,National County Orchestrator,,EVALUATED (JURISDICTION TARGET),"National Swarm Orchestrator target: 2 visits logged, 0 candidate leads evaluated","Williamson County, TX",JUR-TX-WILLIAMSON-COUNTY,2026-09-16T18:58:02.231876+00:00
249,Webb County Public Records Registry,National County Orchestrator,,EVALUATED (JURISDICTION TARGET),"National Swarm Orchestrator target: 2 visits logged, 0 candidate leads evaluated","Webb County, TX",JUR-TX-WEBB-COUNTY,2026-09-16T18:57:23.331753+00:00
248,Travis County Public Records Registry,National County Orchestrator,,EVALUATED (JURISDICTION TARGET),"National Swarm Orchestrator target: 2 visits logged, 0 candidate leads evaluated","Travis County, TX",JUR-TX-TRAVIS-COUNTY,2026-09-16T18:56:32.872499+00:00
247,Tarrant County Public Records Registry,National County Orchestrator,,EVALUATED (JURISDICTION TARGET),"National Swarm Orchestrator target: 2 visits logged, 0 candidate leads evaluated","Tarrant County, TX",JUR-TX-TARRANT-COUNTY,2026-09-16T18:56:04.358069+00:00
246,Potter County Public Records Registry,National County Orchestrator,,EVALUATED (JURISDICTION TARGET),"National Swarm Orchestrator target: 2 visits logged, 0 candidate leads evaluated","Potter County, TX",JUR-TX-POTTER-COUNTY,2026-09-16T18:55:15.894631+00:00
534,Statewide Primary County Public Records Registry,National County Orchestrator,,EVALUATED (JURISDICTION TARGET),"National Swarm Orchestrator target: 1 visits logged, 6 candidate leads evaluated","Statewide Primary County, GA",JUR-GA-STATEWIDE-PRIMARY-COUNTY,2026-09-16T18:55:15.891635+00:00
535,Statewide Primary County Commercial Lead #1,County Court Dockets & Filing Parties,,EVALUATED (DISCOVERY QUEUE),Candidate operator discovered during Statewide Primary County municipal docket sweep,"Statewide Primary County, GA",DISC-GA-STA-101,2026-09-16T18:55:15.891635+00:00
536,Statewide Primary County Commercial Lead #2,County Court Dockets & Filing Parties,,EVALUATED (DISCOVERY QUEUE),Candidate operator discovered during Statewide Primary County municipal docket sweep,"Statewide Primary County, GA",DISC-GA-STA-102,2026-09-16T18:55:15.891635+00:00
537,Statewide Primary County Commercial Lead #3,County Court Dockets & Filing Parties,,EVALUATED (DISCOVERY QUEUE),Candidate operator discovered during Statewide Primary County municipal docket sweep,"Statewide Primary County, GA",DISC-GA-STA-103,2026-09-16T18:55:15.891635+00:00
538,Statewide Primary County Commercial Lead #4,County Court Dockets & Filing Parties,,EVALUATED (DISCOVERY QUEUE),Candidate operator discovered during Statewide Primary County municipal docket sweep,"Statewide Primary County, GA",DISC-GA-STA-104,2026-09-16T18:55:15.891635+00:00
539,Statewide Primary County Commercial Lead #5,County Court Dockets & Filing Parties,,EVALUATED (DISCOVERY QUEUE),Candidate operator discovered during Statewide Primary County municipal docket sweep,"Statewide Primary County, GA",DISC-GA-STA-105,2026-09-16T18:55:15.891635+00:00
540,Statewide Primary County Commercial Lead #6,County Court Dockets & Filing Parties,,EVALUATED (DISCOVERY QUEUE),Candidate operator discovered during Statewide Primary County municipal docket sweep,"Statewide Primary County, GA",DISC-GA-STA-106,2026-09-16T18:55:15.891635+00:00
245,Nueces County Public Records Registry,National County Orchestrator,,EVALUATED (JURISDICTION TARGET),"National Swarm Orchestrator target: 2 visits logged, 0 candidate leads evaluated","Nueces County, TX",JUR-TX-NUECES-COUNTY,2026-09-16T18:54:50.899782+00:00
244,Montgomery County Public Records Registry,National County Orchestrator,,EVALUATED (JURISDICTION TARGET),"National Swarm Orchestrator target: 2 visits logged, 0 candidate leads evaluated","Montgomery County, TX",JUR-TX-MONTGOMERY-COUNTY,2026-09-16T18:54:08.370877+00:00
243,Lubbock County Public Records Registry,National County Orchestrator,,EVALUATED (JURISDICTION TARGET),"National Swarm Orchestrator target: 2 visits logged, 0 candidate leads evaluated","Lubbock County, TX",JUR-TX-LUBBOCK-COUNTY,2026-09-16T18:53:41.503868+00:00
242,Harris County Public Records Registry,National County Orchestrator,,EVALUATED (JURISDICTION TARGET),"National Swarm Orchestrator target: 2 visits logged, 0 candidate leads evaluated","Harris County, TX",JUR-TX-HARRIS-COUNTY,2026-09-16T18:52:45.179621+00:00
232,Fort Bend County Public Records Registry,National County Orchestrator,,EVALUATED (JURISDICTION TARGET),"National Swarm Orchestrator target: 2 visits logged, 0 candidate leads evaluated","Fort Bend County, TX",JUR-TX-FORT-BEND-COUNTY,2026-09-16T18:52:00.461008+00:00
231,El Paso County Public Records Registry,National County Orchestrator,,EVALUATED (JURISDICTION TARGET),"National Swarm Orchestrator target: 2 visits logged, 0 candidate leads evaluated","El Paso County, TX",JUR-TX-EL-PASO-COUNTY,2026-09-16T18:50:57.570127+00:00
527,Statewide Primary County Public Records Registry,National County Orchestrator,,EVALUATED (JURISDICTION TARGET),"National Swarm Orchestrator target: 1 visits logged, 6 candidate leads evaluated","Statewide Primary County, IL",JUR-IL-STATEWIDE-PRIMARY-COUNTY,2026-09-16T18:50:57.567126+00:00
528,Statewide Primary County Commercial Lead #1,County Court Dockets & Filing Parties,,EVALUATED (DISCOVERY QUEUE),Candidate operator discovered during Statewide Primary County municipal docket sweep,"Statewide Primary County, IL",DISC-IL-STA-101,2026-09-16T18:50:57.567126+00:00
529,Statewide Primary County Commercial Lead #2,County Court Dockets & Filing Parties,,EVALUATED (DISCOVERY QUEUE),Candidate operator discovered during Statewide Primary County municipal docket sweep,"Statewide Primary County, IL",DISC-IL-STA-102,2026-09-16T18:50:57.567126+00:00
530,Statewide Primary County Commercial Lead #3,County Court Dockets & Filing Parties,,EVALUATED (DISCOVERY QUEUE),Candidate operator discovered during Statewide Primary County municipal docket sweep,"Statewide Primary County, IL",DISC-IL-STA-103,2026-09-16T18:50:57.567126+00:00
531,Statewide Primary County Commercial Lead #4,County Court Dockets & Filing Parties,,EVALUATED (DISCOVERY QUEUE),Candidate operator discovered during Statewide Primary County municipal docket sweep,"Statewide Primary County, IL",DISC-IL-STA-104,2026-09-16T18:50:57.567126+00:00
532,Statewide Primary County Commercial Lead #5,County Court Dockets & Filing Parties,,EVALUATED (DISCOVERY QUEUE),Candidate operator discovered during Statewide Primary County municipal docket sweep,"Statewide Primary County, IL",DISC-IL-STA-105,2026-09-16T18:50:57.567126+00:00
533,Statewide Primary County Commercial Lead #6,County Court Dockets & Filing Parties,,EVALUATED (DISCOVERY QUEUE),Candidate operator discovered during Statewide Primary County municipal docket sweep,"Statewide Primary County, IL",DISC-IL-STA-106,2026-09-16T18:50:57.567126+00:00
230,Denton County Public Records Registry,National County Orchestrator,,EVALUATED (JURISDICTION TARGET),"National Swarm Orchestrator target: 2 visits logged, 0 candidate leads evaluated","Denton County, TX",JUR-TX-DENTON-COUNTY,2026-09-16T18:50:06.320957+00:00
229,Dallas County Public Records Registry,National County Orchestrator,,EVALUATED (JURISDICTION TARGET),"National Swarm Orchestrator target: 2 visits logged, 0 candidate leads evaluated","Dallas County, TX",JUR-TX-DALLAS-COUNTY,2026-09-16T18:49:24.071599+00:00
228,Collin County Public Records Registry,National County Orchestrator,,EVALUATED (JURISDICTION TARGET),"National Swarm Orchestrator target: 2 visits logged, 0 candidate leads evaluated","Collin County, TX",JUR-TX-COLLIN-COUNTY,2026-09-16T18:48:56.318109+00:00
227,Bexar County Public Records Registry,National County Orchestrator,,EVALUATED (JURISDICTION TARGET),"National Swarm Orchestrator target: 2 visits logged, 0 candidate leads evaluated","Bexar County, TX",JUR-TX-BEXAR-COUNTY,2026-09-16T18:48:11.843666+00:00
2,Great American Title Agency,County Court Dockets & Filing Parties,info@azgat.com,VETTED (ARCHIVED),"Passed all scout qualification, MX deliverability, and commercial legitimacy checks","Reno, Washoe County, NV",,2026-09-16T18:47:42.410187+00:00
226,Yakima County Public Records Registry,National County Orchestrator,,EVALUATED (JURISDICTION TARGET),"National Swarm Orchestrator target: 2 visits logged, 0 candidate leads evaluated","Yakima County, WA",JUR-WA-YAKIMA-COUNTY,2026-09-16T18:47:40.888808+00:00
225,Whitman County Public Records Registry,National County Orchestrator,,EVALUATED (JURISDICTION TARGET),"National Swarm Orchestrator target: 2 visits logged, 0 candidate leads evaluated","Whitman County, WA",JUR-WA-WHITMAN-COUNTY,2026-09-16T18:47:33.486296+00:00
368,Washoe County Public Records Registry,National County Orchestrator,,EVALUATED (JURISDICTION TARGET),"National Swarm Orchestrator target: 2 visits logged, 9 candidate leads evaluated","Washoe County, NV",JUR-NV-WASHOE-COUNTY,2026-09-16T18:47:33.482296+00:00
369,Washoe County Commercial Lead #1,County Court Dockets & Filing Parties,,EVALUATED (DISCOVERY QUEUE),Candidate operator discovered during Washoe County municipal docket sweep,"Washoe County, NV",DISC-NV-WAS-101,2026-09-16T18:47:33.482296+00:00
370,Washoe County Commercial Lead #2,County Court Dockets & Filing Parties,,EVALUATED (DISCOVERY QUEUE),Candidate operator discovered during Washoe County municipal docket sweep,"Washoe County, NV",DISC-NV-WAS-102,2026-09-16T18:47:33.482296+00:00
371,Washoe County Commercial Lead #3,County Court Dockets & Filing Parties,,EVALUATED (DISCOVERY QUEUE),Candidate operator discovered during Washoe County municipal docket sweep,"Washoe County, NV",DISC-NV-WAS-103,2026-09-16T18:47:33.482296+00:00
372,Washoe County Commercial Lead #4,County Court Dockets & Filing Parties,,EVALUATED (DISCOVERY QUEUE),Candidate operator discovered during Washoe County municipal docket sweep,"Washoe County, NV",DISC-NV-WAS-104,2026-09-16T18:47:33.482296+00:00
373,Washoe County Commercial Lead #5,County Court Dockets & Filing Parties,,EVALUATED (DISCOVERY QUEUE),Candidate operator discovered during Washoe County municipal docket sweep,"Washoe County, NV",DISC-NV-WAS-105,2026-09-16T18:47:33.482296+00:00
374,Washoe County Commercial Lead #6,County Court Dockets & Filing Parties,,EVALUATED (DISCOVERY QUEUE),Candidate operator discovered during Washoe County municipal docket sweep,"Washoe County, NV",DISC-NV-WAS-106,2026-09-16T18:47:33.482296+00:00
375,Washoe County Commercial Lead #7,County Court Dockets & Filing Parties,,EVALUATED (DISCOVERY QUEUE),Candidate operator discovered during Washoe County municipal docket sweep,"Washoe County, NV",DISC-NV-WAS-107,2026-09-16T18:47:33.482296+00:00
376,Washoe County Commercial Lead #8,County Court Dockets & Filing Parties,,EVALUATED (DISCOVERY QUEUE),Candidate operator discovered during Washoe County municipal docket sweep,"Washoe County, NV",DISC-NV-WAS-108,2026-09-16T18:47:33.482296+00:00
377,Washoe County Commercial Lead #9,County Court Dockets & Filing Parties,,EVALUATED (DISCOVERY QUEUE),Candidate operator discovered during Washoe County municipal docket sweep,"Washoe County, NV",DISC-NV-WAS-109,2026-09-16T18:47:33.482296+00:00
3,Top 20 Probate law firms based,County Court Dockets & Filing Parties,sales@revenuebase.ai,VETTED (ARCHIVED),"Passed all scout qualification, MX deliverability, and commercial legitimacy checks","Cincinnati, Hamilton County, OH",,2026-09-16T18:47:09.411177+00:00
214,Whatcom County Public Records Registry,National County Orchestrator,,EVALUATED (JURISDICTION TARGET),"National Swarm Orchestrator target: 2 visits logged, 0 candidate leads evaluated","Whatcom County, WA",JUR-WA-WHATCOM-COUNTY,2026-09-16T18:47:09.008659+00:00
213,Walla Walla County Public Records Registry,National County Orchestrator,,EVALUATED (JURISDICTION TARGET),"National Swarm Orchestrator target: 2 visits logged, 0 candidate leads evaluated","Walla Walla County, WA",JUR-WA-WALLA-WALLA-COUNTY,2026-09-16T18:46:50.467026+00:00
519,Statewide Primary County Public Records Registry,National County Orchestrator,,EVALUATED (JURISDICTION TARGET),"National Swarm Orchestrator target: 1 visits logged, 7 candidate leads evaluated","Statewide Primary County, WA",JUR-WA-STATEWIDE-PRIMARY-COUNTY,2026-09-16T18:46:50.463028+00:00
520,Statewide Primary County Commercial Lead #1,County Court Dockets & Filing Parties,,EVALUATED (DISCOVERY QUEUE),Candidate operator discovered during Statewide Primary County municipal docket sweep,"Statewide Primary County, WA",DISC-WA-STA-101,2026-09-16T18:46:50.463028+00:00
521,Statewide Primary County Commercial Lead #2,County Court Dockets & Filing Parties,,EVALUATED (DISCOVERY QUEUE),Candidate operator discovered during Statewide Primary County municipal docket sweep,"Statewide Primary County, WA",DISC-WA-STA-102,2026-09-16T18:46:50.463028+00:00
522,Statewide Primary County Commercial Lead #3,County Court Dockets & Filing Parties,,EVALUATED (DISCOVERY QUEUE),Candidate operator discovered during Statewide Primary County municipal docket sweep,"Statewide Primary County, WA",DISC-WA-STA-103,2026-09-16T18:46:50.463028+00:00
523,Statewide Primary County Commercial Lead #4,County Court Dockets & Filing Parties,,EVALUATED (DISCOVERY QUEUE),Candidate operator discovered during Statewide Primary County municipal docket sweep,"Statewide Primary County, WA",DISC-WA-STA-104,2026-09-16T18:46:50.463028+00:00
524,Statewide Primary County Commercial Lead #5,County Court Dockets & Filing Parties,,EVALUATED (DISCOVERY QUEUE),Candidate operator discovered during Statewide Primary County municipal docket sweep,"Statewide Primary County, WA",DISC-WA-STA-105,2026-09-16T18:46:50.463028+00:00
525,Statewide Primary County Commercial Lead #6,County Court Dockets & Filing Parties,,EVALUATED (DISCOVERY QUEUE),Candidate operator discovered during Statewide Primary County municipal docket sweep,"Statewide Primary County, WA",DISC-WA-STA-106,2026-09-16T18:46:50.463028+00:00
526,Statewide Primary County Commercial Lead #7,County Court Dockets & Filing Parties,,EVALUATED (DISCOVERY QUEUE),Candidate operator discovered during Statewide Primary County municipal docket sweep,"Statewide Primary County, WA",DISC-WA-STA-107,2026-09-16T18:46:50.463028+00:00
212,Wahkiakum County Public Records Registry,National County Orchestrator,,EVALUATED (JURISDICTION TARGET),"National Swarm Orchestrator target: 2 visits logged, 0 candidate leads evaluated","Wahkiakum County, WA",JUR-WA-WAHKIAKUM-COUNTY,2026-09-16T18:46:28.083013+00:00
511,Washoe County Public Records Registry,National County Orchestrator,,EVALUATED (JURISDICTION TARGET),"National Swarm Orchestrator target: 1 visits logged, 7 candidate leads evaluated","Washoe County, AZ",JUR-AZ-WASHOE-COUNTY,2026-09-16T18:46:26.859268+00:00
512,Washoe County Commercial Lead #1,County Court Dockets & Filing Parties,,EVALUATED (DISCOVERY QUEUE),Candidate operator discovered during Washoe County municipal docket sweep,"Washoe County, AZ",DISC-AZ-WAS-101,2026-09-16T18:46:26.859268+00:00
513,Washoe County Commercial Lead #2,County Court Dockets & Filing Parties,,EVALUATED (DISCOVERY QUEUE),Candidate operator discovered during Washoe County municipal docket sweep,"Washoe County, AZ",DISC-AZ-WAS-102,2026-09-16T18:46:26.859268+00:00
514,Washoe County Commercial Lead #3,County Court Dockets & Filing Parties,,EVALUATED (DISCOVERY QUEUE),Candidate operator discovered during Washoe County municipal docket sweep,"Washoe County, AZ",DISC-AZ-WAS-103,2026-09-16T18:46:26.859268+00:00
515,Washoe County Commercial Lead #4,County Court Dockets & Filing Parties,,EVALUATED (DISCOVERY QUEUE),Candidate operator discovered during Washoe County municipal docket sweep,"Washoe County, AZ",DISC-AZ-WAS-104,2026-09-16T18:46:26.859268+00:00
516,Washoe County Commercial Lead #5,County Court Dockets & Filing Parties,,EVALUATED (DISCOVERY QUEUE),Candidate operator discovered during Washoe County municipal docket sweep,"Washoe County, AZ",DISC-AZ-WAS-105,2026-09-16T18:46:26.859268+00:00
517,Washoe County Commercial Lead #6,County Court Dockets & Filing Parties,,EVALUATED (DISCOVERY QUEUE),Candidate operator discovered during Washoe County municipal docket sweep,"Washoe County, AZ",DISC-AZ-WAS-106,2026-09-16T18:46:26.859268+00:00
518,Washoe County Commercial Lead #7,County Court Dockets & Filing Parties,,EVALUATED (DISCOVERY QUEUE),Candidate operator discovered during Washoe County municipal docket sweep,"Washoe County, AZ",DISC-AZ-WAS-107,2026-09-16T18:46:26.859268+00:00
211,Thurston County Public Records Registry,National County Orchestrator,,EVALUATED (JURISDICTION TARGET),"National Swarm Orchestrator target: 2 visits logged, 0 candidate leads evaluated","Thurston County, WA",JUR-WA-THURSTON-COUNTY,2026-09-16T18:46:26.042363+00:00
210,Stevens County Public Records Registry,National County Orchestrator,,EVALUATED (JURISDICTION TARGET),"National Swarm Orchestrator target: 2 visits logged, 0 candidate leads evaluated","Stevens County, WA",JUR-WA-STEVENS-COUNTY,2026-09-16T18:45:55.250560+00:00
209,Spokane County Public Records Registry,National County Orchestrator,,EVALUATED (JURISDICTION TARGET),"National Swarm Orchestrator target: 2 visits logged, 0 candidate leads evaluated","Spokane County, WA",JUR-WA-SPOKANE-COUNTY,2026-09-16T18:45:19.968436+00:00
208,Snohomish County Public Records Registry,National County Orchestrator,,EVALUATED (JURISDICTION TARGET),"National Swarm Orchestrator target: 2 visits logged, 0 candidate leads evaluated","Snohomish County, WA",JUR-WA-SNOHOMISH-COUNTY,2026-09-16T18:44:43.023675+00:00
207,Skamania County Public Records Registry,National County Orchestrator,,EVALUATED (JURISDICTION TARGET),"National Swarm Orchestrator target: 2 visits logged, 0 candidate leads evaluated","Skamania County, WA",JUR-WA-SKAMANIA-COUNTY,2026-09-16T18:44:39.499822+00:00
206,Skagit County Public Records Registry,National County Orchestrator,,EVALUATED (JURISDICTION TARGET),"National Swarm Orchestrator target: 2 visits logged, 0 candidate leads evaluated","Skagit County, WA",JUR-WA-SKAGIT-COUNTY,2026-09-16T18:44:04.598481+00:00
190,San Juan County Public Records Registry,National County Orchestrator,,EVALUATED (JURISDICTION TARGET),"National Swarm Orchestrator target: 2 visits logged, 15 candidate leads evaluated","San Juan County, WA",JUR-WA-SAN-JUAN-COUNTY,2026-09-16T18:44:01.978545+00:00
191,San Juan County Commercial Lead #1,County Court Dockets & Filing Parties,,EVALUATED (DISCOVERY QUEUE),Candidate operator discovered during San Juan County municipal docket sweep,"San Juan County, WA",DISC-WA-SAN-101,2026-09-16T18:44:01.978545+00:00
192,San Juan County Commercial Lead #2,County Court Dockets & Filing Parties,,EVALUATED (DISCOVERY QUEUE),Candidate operator discovered during San Juan County municipal docket sweep,"San Juan County, WA",DISC-WA-SAN-102,2026-09-16T18:44:01.978545+00:00
193,San Juan County Commercial Lead #3,County Court Dockets & Filing Parties,,EVALUATED (DISCOVERY QUEUE),Candidate operator discovered during San Juan County municipal docket sweep,"San Juan County, WA",DISC-WA-SAN-103,2026-09-16T18:44:01.978545+00:00
194,San Juan County Commercial Lead #4,County Court Dockets & Filing Parties,,EVALUATED (DISCOVERY QUEUE),Candidate operator discovered during San Juan County municipal docket sweep,"San Juan County, WA",DISC-WA-SAN-104,2026-09-16T18:44:01.978545+00:00
195,San Juan County Commercial Lead #5,County Court Dockets & Filing Parties,,EVALUATED (DISCOVERY QUEUE),Candidate operator discovered during San Juan County municipal docket sweep,"San Juan County, WA",DISC-WA-SAN-105,2026-09-16T18:44:01.978545+00:00
196,San Juan County Commercial Lead #6,County Court Dockets & Filing Parties,,EVALUATED (DISCOVERY QUEUE),Candidate operator discovered during San Juan County municipal docket sweep,"San Juan County, WA",DISC-WA-SAN-106,2026-09-16T18:44:01.978545+00:00
197,San Juan County Commercial Lead #7,County Court Dockets & Filing Parties,,EVALUATED (DISCOVERY QUEUE),Candidate operator discovered during San Juan County municipal docket sweep,"San Juan County, WA",DISC-WA-SAN-107,2026-09-16T18:44:01.978545+00:00
198,San Juan County Commercial Lead #8,County Court Dockets & Filing Parties,,EVALUATED (DISCOVERY QUEUE),Candidate operator discovered during San Juan County municipal docket sweep,"San Juan County, WA",DISC-WA-SAN-108,2026-09-16T18:44:01.978545+00:00
199,San Juan County Commercial Lead #9,County Court Dockets & Filing Parties,,EVALUATED (DISCOVERY QUEUE),Candidate operator discovered during San Juan County municipal docket sweep,"San Juan County, WA",DISC-WA-SAN-109,2026-09-16T18:44:01.978545+00:00
200,San Juan County Commercial Lead #10,County Court Dockets & Filing Parties,,EVALUATED (DISCOVERY QUEUE),Candidate operator discovered during San Juan County municipal docket sweep,"San Juan County, WA",DISC-WA-SAN-110,2026-09-16T18:44:01.978545+00:00
201,San Juan County Commercial Lead #11,County Court Dockets & Filing Parties,,EVALUATED (DISCOVERY QUEUE),Candidate operator discovered during San Juan County municipal docket sweep,"San Juan County, WA",DISC-WA-SAN-111,2026-09-16T18:44:01.978545+00:00
202,San Juan County Commercial Lead #12,County Court Dockets & Filing Parties,,EVALUATED (DISCOVERY QUEUE),Candidate operator discovered during San Juan County municipal docket sweep,"San Juan County, WA",DISC-WA-SAN-112,2026-09-16T18:44:01.978545+00:00
203,San Juan County Commercial Lead #13,County Court Dockets & Filing Parties,,EVALUATED (DISCOVERY QUEUE),Candidate operator discovered during San Juan County municipal docket sweep,"San Juan County, WA",DISC-WA-SAN-113,2026-09-16T18:44:01.978545+00:00
204,San Juan County Commercial Lead #14,County Court Dockets & Filing Parties,,EVALUATED (DISCOVERY QUEUE),Candidate operator discovered during San Juan County municipal docket sweep,"San Juan County, WA",DISC-WA-SAN-114,2026-09-16T18:44:01.978545+00:00
205,San Juan County Commercial Lead #15,County Court Dockets & Filing Parties,,EVALUATED (DISCOVERY QUEUE),Candidate operator discovered during San Juan County municipal docket sweep,"San Juan County, WA",DISC-WA-SAN-115,2026-09-16T18:44:01.978545+00:00
189,Pierce County Public Records Registry,National County Orchestrator,,EVALUATED (JURISDICTION TARGET),"National Swarm Orchestrator target: 2 visits logged, 0 candidate leads evaluated","Pierce County, WA",JUR-WA-PIERCE-COUNTY,2026-09-16T18:43:34.139635+00:00
180,Pend Oreille County Public Records Registry,National County Orchestrator,,EVALUATED (JURISDICTION TARGET),"National Swarm Orchestrator target: 2 visits logged, 0 candidate leads evaluated","Pend Oreille County, WA",JUR-WA-PEND-OREILLE-COUNTY,2026-09-16T18:43:05.704088+00:00
179,Pacific County Public Records Registry,National County Orchestrator,,EVALUATED (JURISDICTION TARGET),"National Swarm Orchestrator target: 2 visits logged, 0 candidate leads evaluated","Pacific County, WA",JUR-WA-PACIFIC-COUNTY,2026-09-16T18:42:29.233457+00:00
178,Okanogan County Public Records Registry,National County Orchestrator,,EVALUATED (JURISDICTION TARGET),"National Swarm Orchestrator target: 2 visits logged, 0 candidate leads evaluated","Okanogan County, WA",JUR-WA-OKANOGAN-COUNTY,2026-09-16T18:42:24.454135+00:00
177,Mason County Public Records Registry,National County Orchestrator,,EVALUATED (JURISDICTION TARGET),"National Swarm Orchestrator target: 2 visits logged, 0 candidate leads evaluated","Mason County, WA",JUR-WA-MASON-COUNTY,2026-09-16T18:41:44.642438+00:00
176,Lincoln County Public Records Registry,National County Orchestrator,,EVALUATED (JURISDICTION TARGET),"National Swarm Orchestrator target: 2 visits logged, 0 candidate leads evaluated","Lincoln County, WA",JUR-WA-LINCOLN-COUNTY,2026-09-16T18:41:25.141368+00:00
504,Statewide Primary County Public Records Registry,National County Orchestrator,,EVALUATED (JURISDICTION TARGET),"National Swarm Orchestrator target: 1 visits logged, 6 candidate leads evaluated","Statewide Primary County, CA",JUR-CA-STATEWIDE-PRIMARY-COUNTY,2026-09-16T18:41:25.085834+00:00
505,Statewide Primary County Commercial Lead #1,County Court Dockets & Filing Parties,,EVALUATED (DISCOVERY QUEUE),Candidate operator discovered during Statewide Primary County municipal docket sweep,"Statewide Primary County, CA",DISC-CA-STA-101,2026-09-16T18:41:25.085834+00:00
506,Statewide Primary County Commercial Lead #2,County Court Dockets & Filing Parties,,EVALUATED (DISCOVERY QUEUE),Candidate operator discovered during Statewide Primary County municipal docket sweep,"Statewide Primary County, CA",DISC-CA-STA-102,2026-09-16T18:41:25.085834+00:00
507,Statewide Primary County Commercial Lead #3,County Court Dockets & Filing Parties,,EVALUATED (DISCOVERY QUEUE),Candidate operator discovered during Statewide Primary County municipal docket sweep,"Statewide Primary County, CA",DISC-CA-STA-103,2026-09-16T18:41:25.085834+00:00
508,Statewide Primary County Commercial Lead #4,County Court Dockets & Filing Parties,,EVALUATED (DISCOVERY QUEUE),Candidate operator discovered during Statewide Primary County municipal docket sweep,"Statewide Primary County, CA",DISC-CA-STA-104,2026-09-16T18:41:25.085834+00:00
509,Statewide Primary County Commercial Lead #5,County Court Dockets & Filing Parties,,EVALUATED (DISCOVERY QUEUE),Candidate operator discovered during Statewide Primary County municipal docket sweep,"Statewide Primary County, CA",DISC-CA-STA-105,2026-09-16T18:41:25.085834+00:00
510,Statewide Primary County Commercial Lead #6,County Court Dockets & Filing Parties,,EVALUATED (DISCOVERY QUEUE),Candidate operator discovered during Statewide Primary County municipal docket sweep,"Statewide Primary County, CA",DISC-CA-STA-106,2026-09-16T18:41:25.085834+00:00
175,Lewis County Public Records Registry,National County Orchestrator,,EVALUATED (JURISDICTION TARGET),"National Swarm Orchestrator target: 2 visits logged, 0 candidate leads evaluated","Lewis County, WA",JUR-WA-LEWIS-COUNTY,2026-09-16T18:40:55.096135+00:00
174,Klickitat County Public Records Registry,National County Orchestrator,,EVALUATED (JURISDICTION TARGET),"National Swarm Orchestrator target: 2 visits logged, 0 candidate leads evaluated","Klickitat County, WA",JUR-WA-KLICKITAT-COUNTY,2026-09-16T18:40:38.291243+00:00
497,Washoe County Public Records Registry,National County Orchestrator,,EVALUATED (JURISDICTION TARGET),"National Swarm Orchestrator target: 1 visits logged, 6 candidate leads evaluated","Washoe County, GA",JUR-GA-WASHOE-COUNTY,2026-09-16T18:40:38.287052+00:00
498,Washoe County Commercial Lead #1,County Court Dockets & Filing Parties,,EVALUATED (DISCOVERY QUEUE),Candidate operator discovered during Washoe County municipal docket sweep,"Washoe County, GA",DISC-GA-WAS-101,2026-09-16T18:40:38.287052+00:00
499,Washoe County Commercial Lead #2,County Court Dockets & Filing Parties,,EVALUATED (DISCOVERY QUEUE),Candidate operator discovered during Washoe County municipal docket sweep,"Washoe County, GA",DISC-GA-WAS-102,2026-09-16T18:40:38.287052+00:00
500,Washoe County Commercial Lead #3,County Court Dockets & Filing Parties,,EVALUATED (DISCOVERY QUEUE),Candidate operator discovered during Washoe County municipal docket sweep,"Washoe County, GA",DISC-GA-WAS-103,2026-09-16T18:40:38.287052+00:00
501,Washoe County Commercial Lead #4,County Court Dockets & Filing Parties,,EVALUATED (DISCOVERY QUEUE),Candidate operator discovered during Washoe County municipal docket sweep,"Washoe County, GA",DISC-GA-WAS-104,2026-09-16T18:40:38.287052+00:00
502,Washoe County Commercial Lead #5,County Court Dockets & Filing Parties,,EVALUATED (DISCOVERY QUEUE),Candidate operator discovered during Washoe County municipal docket sweep,"Washoe County, GA",DISC-GA-WAS-105,2026-09-16T18:40:38.287052+00:00
503,Washoe County Commercial Lead #6,County Court Dockets & Filing Parties,,EVALUATED (DISCOVERY QUEUE),Candidate operator discovered during Washoe County municipal docket sweep,"Washoe County, GA",DISC-GA-WAS-106,2026-09-16T18:40:38.287052+00:00
159,Kittitas County Public Records Registry,National County Orchestrator,,EVALUATED (JURISDICTION TARGET),"National Swarm Orchestrator target: 2 visits logged, 14 candidate leads evaluated","Kittitas County, WA",JUR-WA-KITTITAS-COUNTY,2026-09-16T18:40:07.515496+00:00
160,Kittitas County Commercial Lead #1,County Court Dockets & Filing Parties,,EVALUATED (DISCOVERY QUEUE),Candidate operator discovered during Kittitas County municipal docket sweep,"Kittitas County, WA",DISC-WA-KIT-101,2026-09-16T18:40:07.515496+00:00
161,Kittitas County Commercial Lead #2,County Court Dockets & Filing Parties,,EVALUATED (DISCOVERY QUEUE),Candidate operator discovered during Kittitas County municipal docket sweep,"Kittitas County, WA",DISC-WA-KIT-102,2026-09-16T18:40:07.515496+00:00
162,Kittitas County Commercial Lead #3,County Court Dockets & Filing Parties,,EVALUATED (DISCOVERY QUEUE),Candidate operator discovered during Kittitas County municipal docket sweep,"Kittitas County, WA",DISC-WA-KIT-103,2026-09-16T18:40:07.515496+00:00
163,Kittitas County Commercial Lead #4,County Court Dockets & Filing Parties,,EVALUATED (DISCOVERY QUEUE),Candidate operator discovered during Kittitas County municipal docket sweep,"Kittitas County, WA",DISC-WA-KIT-104,2026-09-16T18:40:07.515496+00:00
164,Kittitas County Commercial Lead #5,County Court Dockets & Filing Parties,,EVALUATED (DISCOVERY QUEUE),Candidate operator discovered during Kittitas County municipal docket sweep,"Kittitas County, WA",DISC-WA-KIT-105,2026-09-16T18:40:07.515496+00:00
165,Kittitas County Commercial Lead #6,County Court Dockets & Filing Parties,,EVALUATED (DISCOVERY QUEUE),Candidate operator discovered during Kittitas County municipal docket sweep,"Kittitas County, WA",DISC-WA-KIT-106,2026-09-16T18:40:07.515496+00:00
166,Kittitas County Commercial Lead #7,County Court Dockets & Filing Parties,,EVALUATED (DISCOVERY QUEUE),Candidate operator discovered during Kittitas County municipal docket sweep,"Kittitas County, WA",DISC-WA-KIT-107,2026-09-16T18:40:07.515496+00:00
167,Kittitas County Commercial Lead #8,County Court Dockets & Filing Parties,,EVALUATED (DISCOVERY QUEUE),Candidate operator discovered during Kittitas County municipal docket sweep,"Kittitas County, WA",DISC-WA-KIT-108,2026-09-16T18:40:07.515496+00:00
168,Kittitas County Commercial Lead #9,County Court Dockets & Filing Parties,,EVALUATED (DISCOVERY QUEUE),Candidate operator discovered during Kittitas County municipal docket sweep,"Kittitas County, WA",DISC-WA-KIT-109,2026-09-16T18:40:07.515496+00:00
169,Kittitas County Commercial Lead #10,County Court Dockets & Filing Parties,,EVALUATED (DISCOVERY QUEUE),Candidate operator discovered during Kittitas County municipal docket sweep,"Kittitas County, WA",DISC-WA-KIT-110,2026-09-16T18:40:07.515496+00:00
170,Kittitas County Commercial Lead #11,County Court Dockets & Filing Parties,,EVALUATED (DISCOVERY QUEUE),Candidate operator discovered during Kittitas County municipal docket sweep,"Kittitas County, WA",DISC-WA-KIT-111,2026-09-16T18:40:07.515496+00:00
171,Kittitas County Commercial Lead #12,County Court Dockets & Filing Parties,,EVALUATED (DISCOVERY QUEUE),Candidate operator discovered during Kittitas County municipal docket sweep,"Kittitas County, WA",DISC-WA-KIT-112,2026-09-16T18:40:07.515496+00:00
172,Kittitas County Commercial Lead #13,County Court Dockets & Filing Parties,,EVALUATED (DISCOVERY QUEUE),Candidate operator discovered during Kittitas County municipal docket sweep,"Kittitas County, WA",DISC-WA-KIT-113,2026-09-16T18:40:07.515496+00:00
173,Kittitas County Commercial Lead #14,County Court Dockets & Filing Parties,,EVALUATED (DISCOVERY QUEUE),Candidate operator discovered during Kittitas County municipal docket sweep,"Kittitas County, WA",DISC-WA-KIT-114,2026-09-16T18:40:07.515496+00:00
158,Kitsap County Public Records Registry,National County Orchestrator,,EVALUATED (JURISDICTION TARGET),"National Swarm Orchestrator target: 2 visits logged, 0 candidate leads evaluated","Kitsap County, WA",JUR-WA-KITSAP-COUNTY,2026-09-16T18:40:03.447570+00:00
157,King County Public Records Registry,National County Orchestrator,,EVALUATED (JURISDICTION TARGET),"National Swarm Orchestrator target: 2 visits logged, 0 candidate leads evaluated","King County, WA",JUR-WA-KING-COUNTY,2026-09-16T18:39:34.041044+00:00
156,Jefferson County Public Records Registry,National County Orchestrator,,EVALUATED (JURISDICTION TARGET),"National Swarm Orchestrator target: 2 visits logged, 0 candidate leads evaluated","Jefferson County, WA",JUR-WA-JEFFERSON-COUNTY,2026-09-16T18:39:17.734455+00:00
155,Island County Public Records Registry,National County Orchestrator,,EVALUATED (JURISDICTION TARGET),"National Swarm Orchestrator target: 2 visits logged, 0 candidate leads evaluated","Island County, WA",JUR-WA-ISLAND-COUNTY,2026-09-16T18:38:42.814579+00:00
154,Grays Harbor County Public Records Registry,National County Orchestrator,,EVALUATED (JURISDICTION TARGET),"National Swarm Orchestrator target: 2 visits logged, 0 candidate leads evaluated","Grays Harbor County, WA",JUR-WA-GRAYS-HARBOR-COUNTY,2026-09-16T18:38:42.660439+00:00
147,Grant County Public Records Registry,National County Orchestrator,,EVALUATED (JURISDICTION TARGET),"National Swarm Orchestrator target: 2 visits logged, 6 candidate leads evaluated","Grant County, WA",JUR-WA-GRANT-COUNTY,2026-09-16T18:38:13.870351+00:00
148,Grant County Commercial Lead #1,County Court Dockets & Filing Parties,,EVALUATED (DISCOVERY QUEUE),Candidate operator discovered during Grant County municipal docket sweep,"Grant County, WA",DISC-WA-GRA-101,2026-09-16T18:38:13.870351+00:00
149,Grant County Commercial Lead #2,County Court Dockets & Filing Parties,,EVALUATED (DISCOVERY QUEUE),Candidate operator discovered during Grant County municipal docket sweep,"Grant County, WA",DISC-WA-GRA-102,2026-09-16T18:38:13.870351+00:00
150,Grant County Commercial Lead #3,County Court Dockets & Filing Parties,,EVALUATED (DISCOVERY QUEUE),Candidate operator discovered during Grant County municipal docket sweep,"Grant County, WA",DISC-WA-GRA-103,2026-09-16T18:38:13.870351+00:00
151,Grant County Commercial Lead #4,County Court Dockets & Filing Parties,,EVALUATED (DISCOVERY QUEUE),Candidate operator discovered during Grant County municipal docket sweep,"Grant County, WA",DISC-WA-GRA-104,2026-09-16T18:38:13.870351+00:00
152,Grant County Commercial Lead #5,County Court Dockets & Filing Parties,,EVALUATED (DISCOVERY QUEUE),Candidate operator discovered during Grant County municipal docket sweep,"Grant County, WA",DISC-WA-GRA-105,2026-09-16T18:38:13.870351+00:00
153,Grant County Commercial Lead #6,County Court Dockets & Filing Parties,,EVALUATED (DISCOVERY QUEUE),Candidate operator discovered during Grant County municipal docket sweep,"Grant County, WA",DISC-WA-GRA-106,2026-09-16T18:38:13.870351+00:00
145,Garfield County Public Records Registry,National County Orchestrator,,EVALUATED (JURISDICTION TARGET),"National Swarm Orchestrator target: 2 visits logged, 1 candidate leads evaluated","Garfield County, WA",JUR-WA-GARFIELD-COUNTY,2026-09-16T18:37:54.206026+00:00
146,Garfield County Commercial Lead #1,County Court Dockets & Filing Parties,,EVALUATED (DISCOVERY QUEUE),Candidate operator discovered during Garfield County municipal docket sweep,"Garfield County, WA",DISC-WA-GAR-101,2026-09-16T18:37:54.206026+00:00
143,Franklin County Public Records Registry,National County Orchestrator,,EVALUATED (JURISDICTION TARGET),"National Swarm Orchestrator target: 2 visits logged, 1 candidate leads evaluated","Franklin County, WA",JUR-WA-FRANKLIN-COUNTY,2026-09-16T18:37:26.614963+00:00
144,Franklin County Commercial Lead #1,County Court Dockets & Filing Parties,,EVALUATED (DISCOVERY QUEUE),Candidate operator discovered during Franklin County municipal docket sweep,"Franklin County, WA",DISC-WA-FRA-101,2026-09-16T18:37:26.614963+00:00
141,Ferry County Public Records Registry,National County Orchestrator,,EVALUATED (JURISDICTION TARGET),"National Swarm Orchestrator target: 2 visits logged, 1 candidate leads evaluated","Ferry County, WA",JUR-WA-FERRY-COUNTY,2026-09-16T18:37:23.023523+00:00
142,Ferry County Commercial Lead #1,County Court Dockets & Filing Parties,,EVALUATED (DISCOVERY QUEUE),Candidate operator discovered during Ferry County municipal docket sweep,"Ferry County, WA",DISC-WA-FER-101,2026-09-16T18:37:23.023523+00:00
488,Statewide Primary County Public Records Registry,National County Orchestrator,,EVALUATED (JURISDICTION TARGET),"National Swarm Orchestrator target: 1 visits logged, 7 candidate leads evaluated","Statewide Primary County, FL",JUR-FL-STATEWIDE-PRIMARY-COUNTY,2026-09-16T18:37:22.947106+00:00
489,Statewide Primary County Commercial Lead #1,County Court Dockets & Filing Parties,,EVALUATED (DISCOVERY QUEUE),Candidate operator discovered during Statewide Primary County municipal docket sweep,"Statewide Primary County, FL",DISC-FL-STA-101,2026-09-16T18:37:22.947106+00:00
490,Statewide Primary County Commercial Lead #2,County Court Dockets & Filing Parties,,EVALUATED (DISCOVERY QUEUE),Candidate operator discovered during Statewide Primary County municipal docket sweep,"Statewide Primary County, FL",DISC-FL-STA-102,2026-09-16T18:37:22.947106+00:00
491,Statewide Primary County Commercial Lead #3,County Court Dockets & Filing Parties,,EVALUATED (DISCOVERY QUEUE),Candidate operator discovered during Statewide Primary County municipal docket sweep,"Statewide Primary County, FL",DISC-FL-STA-103,2026-09-16T18:37:22.947106+00:00
492,Statewide Primary County Commercial Lead #4,County Court Dockets & Filing Parties,,EVALUATED (DISCOVERY QUEUE),Candidate operator discovered during Statewide Primary County municipal docket sweep,"Statewide Primary County, FL",DISC-FL-STA-104,2026-09-16T18:37:22.947106+00:00
493,Statewide Primary County Commercial Lead #5,County Court Dockets & Filing Parties,,EVALUATED (DISCOVERY QUEUE),Candidate operator discovered during Statewide Primary County municipal docket sweep,"Statewide Primary County, FL",DISC-FL-STA-105,2026-09-16T18:37:22.947106+00:00
494,Statewide Primary County Commercial Lead #6,County Court Dockets & Filing Parties,,EVALUATED (DISCOVERY QUEUE),Candidate operator discovered during Statewide Primary County municipal docket sweep,"Statewide Primary County, FL",DISC-FL-STA-106,2026-09-16T18:37:22.947106+00:00
495,Statewide Primary County Commercial Lead #7,County Court Dockets & Filing Parties,,EVALUATED (DISCOVERY QUEUE),Candidate operator discovered during Statewide Primary County municipal docket sweep,"Statewide Primary County, FL",DISC-FL-STA-107,2026-09-16T18:37:22.947106+00:00
139,Douglas County Public Records Registry,National County Orchestrator,,EVALUATED (JURISDICTION TARGET),"National Swarm Orchestrator target: 2 visits logged, 1 candidate leads evaluated","Douglas County, WA",JUR-WA-DOUGLAS-COUNTY,2026-09-16T18:36:56.967701+00:00
140,Douglas County Commercial Lead #1,County Court Dockets & Filing Parties,,EVALUATED (DISCOVERY QUEUE),Candidate operator discovered during Douglas County municipal docket sweep,"Douglas County, WA",DISC-WA-DOU-101,2026-09-16T18:36:56.967701+00:00
137,Cowlitz County Public Records Registry,National County Orchestrator,,EVALUATED (JURISDICTION TARGET),"National Swarm Orchestrator target: 2 visits logged, 1 candidate leads evaluated","Cowlitz County, WA",JUR-WA-COWLITZ-COUNTY,2026-09-16T18:36:33.598951+00:00
138,Cowlitz County Commercial Lead #1,County Court Dockets & Filing Parties,,EVALUATED (DISCOVERY QUEUE),Candidate operator discovered during Cowlitz County municipal docket sweep,"Cowlitz County, WA",DISC-WA-COW-101,2026-09-16T18:36:33.598951+00:00
479,Washoe County Public Records Registry,National County Orchestrator,,EVALUATED (JURISDICTION TARGET),"National Swarm Orchestrator target: 1 visits logged, 6 candidate leads evaluated","Washoe County, IL",JUR-IL-WASHOE-COUNTY,2026-09-16T18:36:33.595442+00:00
480,Washoe County Commercial Lead #1,County Court Dockets & Filing Parties,,EVALUATED (DISCOVERY QUEUE),Candidate operator discovered during Washoe County municipal docket sweep,"Washoe County, IL",DISC-IL-WAS-101,2026-09-16T18:36:33.595442+00:00
481,Washoe County Commercial Lead #2,County Court Dockets & Filing Parties,,EVALUATED (DISCOVERY QUEUE),Candidate operator discovered during Washoe County municipal docket sweep,"Washoe County, IL",DISC-IL-WAS-102,2026-09-16T18:36:33.595442+00:00
482,Washoe County Commercial Lead #3,County Court Dockets & Filing Parties,,EVALUATED (DISCOVERY QUEUE),Candidate operator discovered during Washoe County municipal docket sweep,"Washoe County, IL",DISC-IL-WAS-103,2026-09-16T18:36:33.595442+00:00
483,Washoe County Commercial Lead #4,County Court Dockets & Filing Parties,,EVALUATED (DISCOVERY QUEUE),Candidate operator discovered during Washoe County municipal docket sweep,"Washoe County, IL",DISC-IL-WAS-104,2026-09-16T18:36:33.595442+00:00
484,Washoe County Commercial Lead #5,County Court Dockets & Filing Parties,,EVALUATED (DISCOVERY QUEUE),Candidate operator discovered during Washoe County municipal docket sweep,"Washoe County, IL",DISC-IL-WAS-105,2026-09-16T18:36:33.595442+00:00
485,Washoe County Commercial Lead #6,County Court Dockets & Filing Parties,,EVALUATED (DISCOVERY QUEUE),Candidate operator discovered during Washoe County municipal docket sweep,"Washoe County, IL",DISC-IL-WAS-106,2026-09-16T18:36:33.595442+00:00
135,Columbia County Public Records Registry,National County Orchestrator,,EVALUATED (JURISDICTION TARGET),"National Swarm Orchestrator target: 2 visits logged, 1 candidate leads evaluated","Columbia County, WA",JUR-WA-COLUMBIA-COUNTY,2026-09-16T18:36:12.956893+00:00
136,Columbia County Commercial Lead #1,County Court Dockets & Filing Parties,,EVALUATED (DISCOVERY QUEUE),Candidate operator discovered during Columbia County municipal docket sweep,"Columbia County, WA",DISC-WA-COL-101,2026-09-16T18:36:12.956893+00:00
133,Clark County Public Records Registry,National County Orchestrator,,EVALUATED (JURISDICTION TARGET),"National Swarm Orchestrator target: 2 visits logged, 1 candidate leads evaluated","Clark County, WA",JUR-WA-CLARK-COUNTY,2026-09-16T18:36:05.836991+00:00
134,Clark County Commercial Lead #1,County Court Dockets & Filing Parties,,EVALUATED (DISCOVERY QUEUE),Candidate operator discovered during Clark County municipal docket sweep,"Clark County, WA",DISC-WA-CLA-101,2026-09-16T18:36:05.836991+00:00
131,Clallam County Public Records Registry,National County Orchestrator,,EVALUATED (JURISDICTION TARGET),"National Swarm Orchestrator target: 2 visits logged, 1 candidate leads evaluated","Clallam County, WA",JUR-WA-CLALLAM-COUNTY,2026-09-16T18:35:51.414748+00:00
132,Clallam County Commercial Lead #1,County Court Dockets & Filing Parties,,EVALUATED (DISCOVERY QUEUE),Candidate operator discovered during Clallam County municipal docket sweep,"Clallam County, WA",DISC-WA-CLA-101,2026-09-16T18:35:51.414748+00:00
129,Chelan County Public Records Registry,National County Orchestrator,,EVALUATED (JURISDICTION TARGET),"National Swarm Orchestrator target: 2 visits logged, 1 candidate leads evaluated","Chelan County, WA",JUR-WA-CHELAN-COUNTY,2026-09-16T18:35:18.889853+00:00
130,Chelan County Commercial Lead #1,County Court Dockets & Filing Parties,,EVALUATED (DISCOVERY QUEUE),Candidate operator discovered during Chelan County municipal docket sweep,"Chelan County, WA",DISC-WA-CHE-101,2026-09-16T18:35:18.889853+00:00
127,Benton County Public Records Registry,National County Orchestrator,,EVALUATED (JURISDICTION TARGET),"National Swarm Orchestrator target: 2 visits logged, 1 candidate leads evaluated","Benton County, WA",JUR-WA-BENTON-COUNTY,2026-09-16T18:35:07.374665+00:00
128,Benton County Commercial Lead #1,County Court Dockets & Filing Parties,,EVALUATED (DISCOVERY QUEUE),Candidate operator discovered during Benton County municipal docket sweep,"Benton County, WA",DISC-WA-BEN-101,2026-09-16T18:35:07.374665+00:00
125,Asotin County Public Records Registry,National County Orchestrator,,EVALUATED (JURISDICTION TARGET),"National Swarm Orchestrator target: 2 visits logged, 1 candidate leads evaluated","Asotin County, WA",JUR-WA-ASOTIN-COUNTY,2026-09-16T18:34:26.395590+00:00
126,Asotin County Commercial Lead #1,County Court Dockets & Filing Parties,,EVALUATED (DISCOVERY QUEUE),Candidate operator discovered during Asotin County municipal docket sweep,"Asotin County, WA",DISC-WA-ASO-101,2026-09-16T18:34:26.395590+00:00
123,Adams County Public Records Registry,National County Orchestrator,,EVALUATED (JURISDICTION TARGET),"National Swarm Orchestrator target: 2 visits logged, 1 candidate leads evaluated","Adams County, WA",JUR-WA-ADAMS-COUNTY,2026-09-16T18:34:20.316862+00:00
124,Adams County Commercial Lead #1,County Court Dockets & Filing Parties,,EVALUATED (DISCOVERY QUEUE),Candidate operator discovered during Adams County municipal docket sweep,"Adams County, WA",DISC-WA-ADA-101,2026-09-16T18:34:20.316862+00:00
496,Statewide Primary County Public Records Registry,National County Orchestrator,,EVALUATED (JURISDICTION TARGET),"National Swarm Orchestrator target: 1 visits logged, 0 candidate leads evaluated","Statewide Primary County, WY",JUR-WY-STATEWIDE-PRIMARY-COUNTY,2026-09-16T18:33:43.374635+00:00
487,Statewide Primary County Public Records Registry,National County Orchestrator,,EVALUATED (JURISDICTION TARGET),"National Swarm Orchestrator target: 1 visits logged, 0 candidate leads evaluated","Statewide Primary County, VT",JUR-VT-STATEWIDE-PRIMARY-COUNTY,2026-09-16T18:33:34.171468+00:00
486,Statewide Primary County Public Records Registry,National County Orchestrator,,EVALUATED (JURISDICTION TARGET),"National Swarm Orchestrator target: 1 visits logged, 0 candidate leads evaluated","Statewide Primary County, AK",JUR-AK-STATEWIDE-PRIMARY-COUNTY,2026-09-16T18:33:05.107726+00:00
478,Statewide Primary County Public Records Registry,National County Orchestrator,,EVALUATED (JURISDICTION TARGET),"National Swarm Orchestrator target: 1 visits logged, 0 candidate leads evaluated","Statewide Primary County, ND",JUR-ND-STATEWIDE-PRIMARY-COUNTY,2026-09-16T18:32:59.227649+00:00
458,Statewide Primary County Public Records Registry,National County Orchestrator,,EVALUATED (JURISDICTION TARGET),"National Swarm Orchestrator target: 1 visits logged, 7 candidate leads evaluated","Statewide Primary County, TX",JUR-TX-STATEWIDE-PRIMARY-COUNTY,2026-09-16T18:32:59.093834+00:00
459,Statewide Primary County Commercial Lead #1,County Court Dockets & Filing Parties,,EVALUATED (DISCOVERY QUEUE),Candidate operator discovered during Statewide Primary County municipal docket sweep,"Statewide Primary County, TX",DISC-TX-STA-101,2026-09-16T18:32:59.093834+00:00
460,Statewide Primary County Commercial Lead #2,County Court Dockets & Filing Parties,,EVALUATED (DISCOVERY QUEUE),Candidate operator discovered during Statewide Primary County municipal docket sweep,"Statewide Primary County, TX",DISC-TX-STA-102,2026-09-16T18:32:59.093834+00:00
461,Statewide Primary County Commercial Lead #3,County Court Dockets & Filing Parties,,EVALUATED (DISCOVERY QUEUE),Candidate operator discovered during Statewide Primary County municipal docket sweep,"Statewide Primary County, TX",DISC-TX-STA-103,2026-09-16T18:32:59.093834+00:00
462,Statewide Primary County Commercial Lead #4,County Court Dockets & Filing Parties,,EVALUATED (DISCOVERY QUEUE),Candidate operator discovered during Statewide Primary County municipal docket sweep,"Statewide Primary County, TX",DISC-TX-STA-104,2026-09-16T18:32:59.093834+00:00
463,Statewide Primary County Commercial Lead #5,County Court Dockets & Filing Parties,,EVALUATED (DISCOVERY QUEUE),Candidate operator discovered during Statewide Primary County municipal docket sweep,"Statewide Primary County, TX",DISC-TX-STA-105,2026-09-16T18:32:59.093834+00:00
464,Statewide Primary County Commercial Lead #6,County Court Dockets & Filing Parties,,EVALUATED (DISCOVERY QUEUE),Candidate operator discovered during Statewide Primary County municipal docket sweep,"Statewide Primary County, TX",DISC-TX-STA-106,2026-09-16T18:32:59.093834+00:00
465,Statewide Primary County Commercial Lead #7,County Court Dockets & Filing Parties,,EVALUATED (DISCOVERY QUEUE),Candidate operator discovered during Statewide Primary County municipal docket sweep,"Statewide Primary County, TX",DISC-TX-STA-107,2026-09-16T18:32:59.093834+00:00
477,Statewide Primary County Public Records Registry,National County Orchestrator,,EVALUATED (JURISDICTION TARGET),"National Swarm Orchestrator target: 1 visits logged, 0 candidate leads evaluated","Statewide Primary County, SD",JUR-SD-STATEWIDE-PRIMARY-COUNTY,2026-09-16T18:32:13.778325+00:00
476,Statewide Primary County Public Records Registry,National County Orchestrator,,EVALUATED (JURISDICTION TARGET),"National Swarm Orchestrator target: 1 visits logged, 0 candidate leads evaluated","Statewide Primary County, DE",JUR-DE-STATEWIDE-PRIMARY-COUNTY,2026-09-16T18:32:08.335120+00:00
449,Washoe County Public Records Registry,National County Orchestrator,,EVALUATED (JURISDICTION TARGET),"National Swarm Orchestrator target: 1 visits logged, 7 candidate leads evaluated","Washoe County, WA",JUR-WA-WASHOE-COUNTY,2026-09-16T18:32:08.333119+00:00
450,Washoe County Commercial Lead #1,County Court Dockets & Filing Parties,,EVALUATED (DISCOVERY QUEUE),Candidate operator discovered during Washoe County municipal docket sweep,"Washoe County, WA",DISC-WA-WAS-101,2026-09-16T18:32:08.333119+00:00
451,Washoe County Commercial Lead #2,County Court Dockets & Filing Parties,,EVALUATED (DISCOVERY QUEUE),Candidate operator discovered during Washoe County municipal docket sweep,"Washoe County, WA",DISC-WA-WAS-102,2026-09-16T18:32:08.333119+00:00
452,Washoe County Commercial Lead #3,County Court Dockets & Filing Parties,,EVALUATED (DISCOVERY QUEUE),Candidate operator discovered during Washoe County municipal docket sweep,"Washoe County, WA",DISC-WA-WAS-103,2026-09-16T18:32:08.333119+00:00
453,Washoe County Commercial Lead #4,County Court Dockets & Filing Parties,,EVALUATED (DISCOVERY QUEUE),Candidate operator discovered during Washoe County municipal docket sweep,"Washoe County, WA",DISC-WA-WAS-104,2026-09-16T18:32:08.333119+00:00
454,Washoe County Commercial Lead #5,County Court Dockets & Filing Parties,,EVALUATED (DISCOVERY QUEUE),Candidate operator discovered during Washoe County municipal docket sweep,"Washoe County, WA",DISC-WA-WAS-105,2026-09-16T18:32:08.333119+00:00
455,Washoe County Commercial Lead #6,County Court Dockets & Filing Parties,,EVALUATED (DISCOVERY QUEUE),Candidate operator discovered during Washoe County municipal docket sweep,"Washoe County, WA",DISC-WA-WAS-106,2026-09-16T18:32:08.333119+00:00
456,Washoe County Commercial Lead #7,County Court Dockets & Filing Parties,,EVALUATED (DISCOVERY QUEUE),Candidate operator discovered during Washoe County municipal docket sweep,"Washoe County, WA",DISC-WA-WAS-107,2026-09-16T18:32:08.333119+00:00
475,Statewide Primary County Public Records Registry,National County Orchestrator,,EVALUATED (JURISDICTION TARGET),"National Swarm Orchestrator target: 1 visits logged, 0 candidate leads evaluated","Statewide Primary County, MT",JUR-MT-STATEWIDE-PRIMARY-COUNTY,2026-09-16T18:31:42.630880+00:00
474,Statewide Primary County Public Records Registry,National County Orchestrator,,EVALUATED (JURISDICTION TARGET),"National Swarm Orchestrator target: 1 visits logged, 0 candidate leads evaluated","Statewide Primary County, RI",JUR-RI-STATEWIDE-PRIMARY-COUNTY,2026-09-16T18:31:27.789641+00:00
473,Statewide Primary County Public Records Registry,National County Orchestrator,,EVALUATED (JURISDICTION TARGET),"National Swarm Orchestrator target: 1 visits logged, 0 candidate leads evaluated","Statewide Primary County, ME",JUR-ME-STATEWIDE-PRIMARY-COUNTY,2026-09-16T18:30:57.309127+00:00
472,Statewide Primary County Public Records Registry,National County Orchestrator,,EVALUATED (JURISDICTION TARGET),"National Swarm Orchestrator target: 1 visits logged, 0 candidate leads evaluated","Statewide Primary County, NH",JUR-NH-STATEWIDE-PRIMARY-COUNTY,2026-09-16T18:30:56.844975+00:00
471,Statewide Primary County Public Records Registry,National County Orchestrator,,EVALUATED (JURISDICTION TARGET),"National Swarm Orchestrator target: 1 visits logged, 0 candidate leads evaluated","Statewide Primary County, HI",JUR-HI-STATEWIDE-PRIMARY-COUNTY,2026-09-16T18:30:34.803753+00:00
470,Statewide Primary County Public Records Registry,National County Orchestrator,,EVALUATED (JURISDICTION TARGET),"National Swarm Orchestrator target: 1 visits logged, 0 candidate leads evaluated","Statewide Primary County, WV",JUR-WV-STATEWIDE-PRIMARY-COUNTY,2026-09-16T18:30:26.721253+00:00
469,Statewide Primary County Public Records Registry,National County Orchestrator,,EVALUATED (JURISDICTION TARGET),"National Swarm Orchestrator target: 1 visits logged, 0 candidate leads evaluated","Statewide Primary County, ID",JUR-ID-STATEWIDE-PRIMARY-COUNTY,2026-09-16T18:29:59.316080+00:00
468,Statewide Primary County Public Records Registry,National County Orchestrator,,EVALUATED (JURISDICTION TARGET),"National Swarm Orchestrator target: 1 visits logged, 0 candidate leads evaluated","Statewide Primary County, NE",JUR-NE-STATEWIDE-PRIMARY-COUNTY,2026-09-16T18:29:54.029576+00:00
467,Statewide Primary County Public Records Registry,National County Orchestrator,,EVALUATED (JURISDICTION TARGET),"National Swarm Orchestrator target: 1 visits logged, 0 candidate leads evaluated","Statewide Primary County, NM",JUR-NM-STATEWIDE-PRIMARY-COUNTY,2026-09-16T18:29:26.280801+00:00
466,Statewide Primary County Public Records Registry,National County Orchestrator,,EVALUATED (JURISDICTION TARGET),"National Swarm Orchestrator target: 1 visits logged, 0 candidate leads evaluated","Statewide Primary County, KS",JUR-KS-STATEWIDE-PRIMARY-COUNTY,2026-09-16T18:29:23.081804+00:00
457,Statewide Primary County Public Records Registry,National County Orchestrator,,EVALUATED (JURISDICTION TARGET),"National Swarm Orchestrator target: 1 visits logged, 0 candidate leads evaluated","Statewide Primary County, MS",JUR-MS-STATEWIDE-PRIMARY-COUNTY,2026-09-16T18:29:01.224504+00:00
448,Statewide Primary County Public Records Registry,National County Orchestrator,,EVALUATED (JURISDICTION TARGET),"National Swarm Orchestrator target: 1 visits logged, 0 candidate leads evaluated","Statewide Primary County, AR",JUR-AR-STATEWIDE-PRIMARY-COUNTY,2026-09-16T18:28:52.645742+00:00
367,Clark County Public Records Registry,National County Orchestrator,,EVALUATED (JURISDICTION TARGET),"National Swarm Orchestrator target: 2 visits logged, 0 candidate leads evaluated","Clark County, NV",JUR-NV-CLARK-COUNTY,2026-09-16T18:28:22.039089+00:00
432,Washoe County Public Records Registry,National County Orchestrator,,EVALUATED (JURISDICTION TARGET),"National Swarm Orchestrator target: 1 visits logged, 6 candidate leads evaluated","Washoe County, CA",JUR-CA-WASHOE-COUNTY,2026-09-16T18:28:22.037085+00:00
433,Washoe County Commercial Lead #1,County Court Dockets & Filing Parties,,EVALUATED (DISCOVERY QUEUE),Candidate operator discovered during Washoe County municipal docket sweep,"Washoe County, CA",DISC-CA-WAS-101,2026-09-16T18:28:22.037085+00:00
434,Washoe County Commercial Lead #2,County Court Dockets & Filing Parties,,EVALUATED (DISCOVERY QUEUE),Candidate operator discovered during Washoe County municipal docket sweep,"Washoe County, CA",DISC-CA-WAS-102,2026-09-16T18:28:22.037085+00:00
435,Washoe County Commercial Lead #3,County Court Dockets & Filing Parties,,EVALUATED (DISCOVERY QUEUE),Candidate operator discovered during Washoe County municipal docket sweep,"Washoe County, CA",DISC-CA-WAS-103,2026-09-16T18:28:22.037085+00:00
436,Washoe County Commercial Lead #4,County Court Dockets & Filing Parties,,EVALUATED (DISCOVERY QUEUE),Candidate operator discovered during Washoe County municipal docket sweep,"Washoe County, CA",DISC-CA-WAS-104,2026-09-16T18:28:22.037085+00:00
437,Washoe County Commercial Lead #5,County Court Dockets & Filing Parties,,EVALUATED (DISCOVERY QUEUE),Candidate operator discovered during Washoe County municipal docket sweep,"Washoe County, CA",DISC-CA-WAS-105,2026-09-16T18:28:22.037085+00:00
438,Washoe County Commercial Lead #6,County Court Dockets & Filing Parties,,EVALUATED (DISCOVERY QUEUE),Candidate operator discovered during Washoe County municipal docket sweep,"Washoe County, CA",DISC-CA-WAS-106,2026-09-16T18:28:22.037085+00:00
447,Statewide Primary County Public Records Registry,National County Orchestrator,,EVALUATED (JURISDICTION TARGET),"National Swarm Orchestrator target: 1 visits logged, 0 candidate leads evaluated","Statewide Primary County, IA",JUR-IA-STATEWIDE-PRIMARY-COUNTY,2026-09-16T18:28:04.430305+00:00
446,Statewide Primary County Public Records Registry,National County Orchestrator,,EVALUATED (JURISDICTION TARGET),"National Swarm Orchestrator target: 1 visits logged, 0 candidate leads evaluated","Statewide Primary County, UT",JUR-UT-STATEWIDE-PRIMARY-COUNTY,2026-09-16T18:27:53.482211+00:00
445,Statewide Primary County Public Records Registry,National County Orchestrator,,EVALUATED (JURISDICTION TARGET),"National Swarm Orchestrator target: 1 visits logged, 0 candidate leads evaluated","Statewide Primary County, CT",JUR-CT-STATEWIDE-PRIMARY-COUNTY,2026-09-16T18:27:31.397589+00:00
444,Statewide Primary County Public Records Registry,National County Orchestrator,,EVALUATED (JURISDICTION TARGET),"National Swarm Orchestrator target: 1 visits logged, 0 candidate leads evaluated","Statewide Primary County, OK",JUR-OK-STATEWIDE-PRIMARY-COUNTY,2026-09-16T18:27:22.482127+00:00
443,Statewide Primary County Public Records Registry,National County Orchestrator,,EVALUATED (JURISDICTION TARGET),"National Swarm Orchestrator target: 1 visits logged, 0 candidate leads evaluated","Statewide Primary County, OR",JUR-OR-STATEWIDE-PRIMARY-COUNTY,2026-09-16T18:27:14.168827+00:00
442,Statewide Primary County Public Records Registry,National County Orchestrator,,EVALUATED (JURISDICTION TARGET),"National Swarm Orchestrator target: 1 visits logged, 0 candidate leads evaluated","Statewide Primary County, KY",JUR-KY-STATEWIDE-PRIMARY-COUNTY,2026-09-16T18:26:56.840554+00:00
441,Statewide Primary County Public Records Registry,National County Orchestrator,,EVALUATED (JURISDICTION TARGET),"National Swarm Orchestrator target: 1 visits logged, 0 candidate leads evaluated","Statewide Primary County, LA",JUR-LA-STATEWIDE-PRIMARY-COUNTY,2026-09-16T18:26:46.345240+00:00
440,Statewide Primary County Public Records Registry,National County Orchestrator,,EVALUATED (JURISDICTION TARGET),"National Swarm Orchestrator target: 1 visits logged, 0 candidate leads evaluated","Statewide Primary County, AL",JUR-AL-STATEWIDE-PRIMARY-COUNTY,2026-09-16T18:26:26.229927+00:00
439,Statewide Primary County Public Records Registry,National County Orchestrator,,EVALUATED (JURISDICTION TARGET),"National Swarm Orchestrator target: 1 visits logged, 0 candidate leads evaluated","Statewide Primary County, SC",JUR-SC-STATEWIDE-PRIMARY-COUNTY,2026-09-16T18:26:22.263936+00:00
431,Ramsey County Public Records Registry,National County Orchestrator,,EVALUATED (JURISDICTION TARGET),"National Swarm Orchestrator target: 1 visits logged, 0 candidate leads evaluated","Ramsey County, MN",JUR-MN-RAMSEY-COUNTY,2026-09-16T18:25:59.160560+00:00
430,Hennepin County Public Records Registry,National County Orchestrator,,EVALUATED (JURISDICTION TARGET),"National Swarm Orchestrator target: 1 visits logged, 0 candidate leads evaluated","Hennepin County, MN",JUR-MN-HENNEPIN-COUNTY,2026-09-16T18:25:47.643612+00:00
402,Washoe County Public Records Registry,National County Orchestrator,,EVALUATED (JURISDICTION TARGET),"National Swarm Orchestrator target: 1 visits logged, 7 candidate leads evaluated","Washoe County, FL",JUR-FL-WASHOE-COUNTY,2026-09-16T18:25:47.640624+00:00
403,Washoe County Commercial Lead #1,County Court Dockets & Filing Parties,,EVALUATED (DISCOVERY QUEUE),Candidate operator discovered during Washoe County municipal docket sweep,"Washoe County, FL",DISC-FL-WAS-101,2026-09-16T18:25:47.640624+00:00
404,Washoe County Commercial Lead #2,County Court Dockets & Filing Parties,,EVALUATED (DISCOVERY QUEUE),Candidate operator discovered during Washoe County municipal docket sweep,"Washoe County, FL",DISC-FL-WAS-102,2026-09-16T18:25:47.640624+00:00
405,Washoe County Commercial Lead #3,County Court Dockets & Filing Parties,,EVALUATED (DISCOVERY QUEUE),Candidate operator discovered during Washoe County municipal docket sweep,"Washoe County, FL",DISC-FL-WAS-103,2026-09-16T18:25:47.640624+00:00
406,Washoe County Commercial Lead #4,County Court Dockets & Filing Parties,,EVALUATED (DISCOVERY QUEUE),Candidate operator discovered during Washoe County municipal docket sweep,"Washoe County, FL",DISC-FL-WAS-104,2026-09-16T18:25:47.640624+00:00
407,Washoe County Commercial Lead #5,County Court Dockets & Filing Parties,,EVALUATED (DISCOVERY QUEUE),Candidate operator discovered during Washoe County municipal docket sweep,"Washoe County, FL",DISC-FL-WAS-105,2026-09-16T18:25:47.640624+00:00
408,Washoe County Commercial Lead #6,County Court Dockets & Filing Parties,,EVALUATED (DISCOVERY QUEUE),Candidate operator discovered during Washoe County municipal docket sweep,"Washoe County, FL",DISC-FL-WAS-106,2026-09-16T18:25:47.640624+00:00
409,Washoe County Commercial Lead #7,County Court Dockets & Filing Parties,,EVALUATED (DISCOVERY QUEUE),Candidate operator discovered during Washoe County municipal docket sweep,"Washoe County, FL",DISC-FL-WAS-107,2026-09-16T18:25:47.640624+00:00
429,Statewide Primary County Public Records Registry,National County Orchestrator,,EVALUATED (JURISDICTION TARGET),"National Swarm Orchestrator target: 1 visits logged, 0 candidate leads evaluated","Statewide Primary County, WI",JUR-WI-STATEWIDE-PRIMARY-COUNTY,2026-09-16T18:25:31.394947+00:00
428,Statewide Primary County Public Records Registry,National County Orchestrator,,EVALUATED (JURISDICTION TARGET),"National Swarm Orchestrator target: 1 visits logged, 0 candidate leads evaluated","Statewide Primary County, IN",JUR-IN-STATEWIDE-PRIMARY-COUNTY,2026-09-16T18:25:26.692018+00:00
413,Statewide Primary County Public Records Registry,National County Orchestrator,,EVALUATED (JURISDICTION TARGET),"National Swarm Orchestrator target: 1 visits logged, 0 candidate leads evaluated","Statewide Primary County, NJ",JUR-NJ-STATEWIDE-PRIMARY-COUNTY,2026-09-16T18:23:53.296807+00:00
412,Statewide Primary County Public Records Registry,National County Orchestrator,,EVALUATED (JURISDICTION TARGET),"National Swarm Orchestrator target: 1 visits logged, 0 candidate leads evaluated","Statewide Primary County, MD",JUR-MD-STATEWIDE-PRIMARY-COUNTY,2026-09-16T18:23:24.611314+00:00
411,Statewide Primary County Public Records Registry,National County Orchestrator,,EVALUATED (JURISDICTION TARGET),"National Swarm Orchestrator target: 1 visits logged, 0 candidate leads evaluated","Statewide Primary County, MA",JUR-MA-STATEWIDE-PRIMARY-COUNTY,2026-09-16T18:22:42.488279+00:00
410,Statewide Primary County Public Records Registry,National County Orchestrator,,EVALUATED (JURISDICTION TARGET),"National Swarm Orchestrator target: 1 visits logged, 0 candidate leads evaluated","Statewide Primary County, VA",JUR-VA-STATEWIDE-PRIMARY-COUNTY,2026-09-16T18:22:16.725376+00:00
401,Wayne County Public Records Registry,National County Orchestrator,,EVALUATED (JURISDICTION TARGET),"National Swarm Orchestrator target: 1 visits logged, 0 candidate leads evaluated","Wayne County, MI",JUR-MI-WAYNE-COUNTY,2026-09-16T18:21:27.065499+00:00
385,Washoe County Public Records Registry,National County Orchestrator,,EVALUATED (JURISDICTION TARGET),"National Swarm Orchestrator target: 1 visits logged, 8 candidate leads evaluated","Washoe County, TX",JUR-TX-WASHOE-COUNTY,2026-09-16T18:21:27.060794+00:00
386,Washoe County Commercial Lead #1,County Court Dockets & Filing Parties,,EVALUATED (DISCOVERY QUEUE),Candidate operator discovered during Washoe County municipal docket sweep,"Washoe County, TX",DISC-TX-WAS-101,2026-09-16T18:21:27.060794+00:00
387,Washoe County Commercial Lead #2,County Court Dockets & Filing Parties,,EVALUATED (DISCOVERY QUEUE),Candidate operator discovered during Washoe County municipal docket sweep,"Washoe County, TX",DISC-TX-WAS-102,2026-09-16T18:21:27.060794+00:00
388,Washoe County Commercial Lead #3,County Court Dockets & Filing Parties,,EVALUATED (DISCOVERY QUEUE),Candidate operator discovered during Washoe County municipal docket sweep,"Washoe County, TX",DISC-TX-WAS-103,2026-09-16T18:21:27.060794+00:00
389,Washoe County Commercial Lead #4,County Court Dockets & Filing Parties,,EVALUATED (DISCOVERY QUEUE),Candidate operator discovered during Washoe County municipal docket sweep,"Washoe County, TX",DISC-TX-WAS-104,2026-09-16T18:21:27.060794+00:00
390,Washoe County Commercial Lead #5,County Court Dockets & Filing Parties,,EVALUATED (DISCOVERY QUEUE),Candidate operator discovered during Washoe County municipal docket sweep,"Washoe County, TX",DISC-TX-WAS-105,2026-09-16T18:21:27.060794+00:00
391,Washoe County Commercial Lead #6,County Court Dockets & Filing Parties,,EVALUATED (DISCOVERY QUEUE),Candidate operator discovered during Washoe County municipal docket sweep,"Washoe County, TX",DISC-TX-WAS-106,2026-09-16T18:21:27.060794+00:00
392,Washoe County Commercial Lead #7,County Court Dockets & Filing Parties,,EVALUATED (DISCOVERY QUEUE),Candidate operator discovered during Washoe County municipal docket sweep,"Washoe County, TX",DISC-TX-WAS-107,2026-09-16T18:21:27.060794+00:00
393,Washoe County Commercial Lead #8,County Court Dockets & Filing Parties,,EVALUATED (DISCOVERY QUEUE),Candidate operator discovered during Washoe County municipal docket sweep,"Washoe County, TX",DISC-TX-WAS-108,2026-09-16T18:21:27.060794+00:00
400,Kent County Public Records Registry,National County Orchestrator,,EVALUATED (JURISDICTION TARGET),"National Swarm Orchestrator target: 1 visits logged, 0 candidate leads evaluated","Kent County, MI",JUR-MI-KENT-COUNTY,2026-09-16T18:20:57.926801+00:00
399,Philadelphia County Public Records Registry,National County Orchestrator,,EVALUATED (JURISDICTION TARGET),"National Swarm Orchestrator target: 1 visits logged, 0 candidate leads evaluated","Philadelphia County, PA",JUR-PA-PHILADELPHIA-COUNTY,2026-09-16T18:20:33.160206+00:00
398,Allegheny County Public Records Registry,National County Orchestrator,,EVALUATED (JURISDICTION TARGET),"National Swarm Orchestrator target: 1 visits logged, 0 candidate leads evaluated","Allegheny County, PA",JUR-PA-ALLEGHENY-COUNTY,2026-09-16T18:19:50.904252+00:00
397,Shelby County Public Records Registry,National County Orchestrator,,EVALUATED (JURISDICTION TARGET),"National Swarm Orchestrator target: 1 visits logged, 0 candidate leads evaluated","Shelby County, TN",JUR-TN-SHELBY-COUNTY,2026-09-16T18:18:58.630191+00:00
396,Knox County Public Records Registry,National County Orchestrator,,EVALUATED (JURISDICTION TARGET),"National Swarm Orchestrator target: 1 visits logged, 0 candidate leads evaluated","Knox County, TN",JUR-TN-KNOX-COUNTY,2026-09-16T18:18:25.865771+00:00
395,Hamilton County Public Records Registry,National County Orchestrator,,EVALUATED (JURISDICTION TARGET),"National Swarm Orchestrator target: 1 visits logged, 0 candidate leads evaluated","Hamilton County, TN",JUR-TN-HAMILTON-COUNTY,2026-09-16T18:17:37.085265+00:00
394,Davidson County Public Records Registry,National County Orchestrator,,EVALUATED (JURISDICTION TARGET),"National Swarm Orchestrator target: 1 visits logged, 0 candidate leads evaluated","Davidson County, TN",JUR-TN-DAVIDSON-COUNTY,2026-09-16T18:17:06.787487+00:00
384,Richmond County Public Records Registry,National County Orchestrator,,EVALUATED (JURISDICTION TARGET),"National Swarm Orchestrator target: 1 visits logged, 0 candidate leads evaluated","Richmond County, NY",JUR-NY-RICHMOND-COUNTY,2026-09-16T18:16:22.799941+00:00
383,Queens County Public Records Registry,National County Orchestrator,,EVALUATED (JURISDICTION TARGET),"National Swarm Orchestrator target: 1 visits logged, 0 candidate leads evaluated","Queens County, NY",JUR-NY-QUEENS-COUNTY,2026-09-16T18:15:59.844621+00:00
382,New York County Public Records Registry,National County Orchestrator,,EVALUATED (JURISDICTION TARGET),"National Swarm Orchestrator target: 1 visits logged, 0 candidate leads evaluated","New York County, NY",JUR-NY-NEW-YORK-COUNTY,2026-09-16T18:15:16.515824+00:00
381,Monroe County Public Records Registry,National County Orchestrator,,EVALUATED (JURISDICTION TARGET),"National Swarm Orchestrator target: 1 visits logged, 0 candidate leads evaluated","Monroe County, NY",JUR-NY-MONROE-COUNTY,2026-09-16T18:14:42.093253+00:00
380,Kings County Public Records Registry,National County Orchestrator,,EVALUATED (JURISDICTION TARGET),"National Swarm Orchestrator target: 1 visits logged, 0 candidate leads evaluated","Kings County, NY",JUR-NY-KINGS-COUNTY,2026-09-16T18:14:16.181567+00:00
379,Erie County Public Records Registry,National County Orchestrator,,EVALUATED (JURISDICTION TARGET),"National Swarm Orchestrator target: 1 visits logged, 0 candidate leads evaluated","Erie County, NY",JUR-NY-ERIE-COUNTY,2026-09-16T18:13:22.354091+00:00
378,Bronx County Public Records Registry,National County Orchestrator,,EVALUATED (JURISDICTION TARGET),"National Swarm Orchestrator target: 1 visits logged, 0 candidate leads evaluated","Bronx County, NY",JUR-NY-BRONX-COUNTY,2026-09-16T18:12:48.718591+00:00
4,Member Directory Law Group,County Court Dockets & Filing Parties,,VETTED (ARCHIVED),"Passed all scout qualification, MX deliverability, and commercial legitimacy checks","Fulton County, GA (Atlanta)",,2026-09-16T18:11:05.472917+00:00
360,San Juan County Public Records Registry,National County Orchestrator,,EVALUATED (JURISDICTION TARGET),"National Swarm Orchestrator target: 1 visits logged, 4 candidate leads evaluated","San Juan County, GA",JUR-GA-SAN-JUAN-COUNTY,2026-09-16T18:10:46.147215+00:00
361,San Juan County Commercial Lead #1,County Court Dockets & Filing Parties,,EVALUATED (DISCOVERY QUEUE),Candidate operator discovered during San Juan County municipal docket sweep,"San Juan County, GA",DISC-GA-SAN-101,2026-09-16T18:10:46.147215+00:00
362,San Juan County Commercial Lead #2,County Court Dockets & Filing Parties,,EVALUATED (DISCOVERY QUEUE),Candidate operator discovered during San Juan County municipal docket sweep,"San Juan County, GA",DISC-GA-SAN-102,2026-09-16T18:10:46.147215+00:00
363,San Juan County Commercial Lead #3,County Court Dockets & Filing Parties,,EVALUATED (DISCOVERY QUEUE),Candidate operator discovered during San Juan County municipal docket sweep,"San Juan County, GA",DISC-GA-SAN-103,2026-09-16T18:10:46.147215+00:00
364,San Juan County Commercial Lead #4,County Court Dockets & Filing Parties,,EVALUATED (DISCOVERY QUEUE),Candidate operator discovered during San Juan County municipal docket sweep,"San Juan County, GA",DISC-GA-SAN-104,2026-09-16T18:10:46.147215+00:00
366,Larimer County Public Records Registry,National County Orchestrator,,EVALUATED (JURISDICTION TARGET),"National Swarm Orchestrator target: 1 visits logged, 0 candidate leads evaluated","Larimer County, CO",JUR-CO-LARIMER-COUNTY,2026-09-16T18:10:25.060969+00:00
365,El Paso County Public Records Registry,National County Orchestrator,,EVALUATED (JURISDICTION TARGET),"National Swarm Orchestrator target: 1 visits logged, 0 candidate leads evaluated","El Paso County, CO",JUR-CO-EL-PASO-COUNTY,2026-09-16T18:09:53.859795+00:00
359,Denver County Public Records Registry,National County Orchestrator,,EVALUATED (JURISDICTION TARGET),"National Swarm Orchestrator target: 1 visits logged, 0 candidate leads evaluated","Denver County, CO",JUR-CO-DENVER-COUNTY,2026-09-16T18:09:06.216530+00:00
341,San Juan County Public Records Registry,National County Orchestrator,,EVALUATED (JURISDICTION TARGET),"National Swarm Orchestrator target: 1 visits logged, 9 candidate leads evaluated","San Juan County, IL",JUR-IL-SAN-JUAN-COUNTY,2026-09-16T18:09:06.214527+00:00
342,San Juan County Commercial Lead #1,County Court Dockets & Filing Parties,,EVALUATED (DISCOVERY QUEUE),Candidate operator discovered during San Juan County municipal docket sweep,"San Juan County, IL",DISC-IL-SAN-101,2026-09-16T18:09:06.214527+00:00
343,San Juan County Commercial Lead #2,County Court Dockets & Filing Parties,,EVALUATED (DISCOVERY QUEUE),Candidate operator discovered during San Juan County municipal docket sweep,"San Juan County, IL",DISC-IL-SAN-102,2026-09-16T18:09:06.214527+00:00
344,San Juan County Commercial Lead #3,County Court Dockets & Filing Parties,,EVALUATED (DISCOVERY QUEUE),Candidate operator discovered during San Juan County municipal docket sweep,"San Juan County, IL",DISC-IL-SAN-103,2026-09-16T18:09:06.214527+00:00
345,San Juan County Commercial Lead #4,County Court Dockets & Filing Parties,,EVALUATED (DISCOVERY QUEUE),Candidate operator discovered during San Juan County municipal docket sweep,"San Juan County, IL",DISC-IL-SAN-104,2026-09-16T18:09:06.214527+00:00
346,San Juan County Commercial Lead #5,County Court Dockets & Filing Parties,,EVALUATED (DISCOVERY QUEUE),Candidate operator discovered during San Juan County municipal docket sweep,"San Juan County, IL",DISC-IL-SAN-105,2026-09-16T18:09:06.214527+00:00
347,San Juan County Commercial Lead #6,County Court Dockets & Filing Parties,,EVALUATED (DISCOVERY QUEUE),Candidate operator discovered during San Juan County municipal docket sweep,"San Juan County, IL",DISC-IL-SAN-106,2026-09-16T18:09:06.214527+00:00
348,San Juan County Commercial Lead #7,County Court Dockets & Filing Parties,,EVALUATED (DISCOVERY QUEUE),Candidate operator discovered during San Juan County municipal docket sweep,"San Juan County, IL",DISC-IL-SAN-107,2026-09-16T18:09:06.214527+00:00
349,San Juan County Commercial Lead #8,County Court Dockets & Filing Parties,,EVALUATED (DISCOVERY QUEUE),Candidate operator discovered during San Juan County municipal docket sweep,"San Juan County, IL",DISC-IL-SAN-108,2026-09-16T18:09:06.214527+00:00
350,San Juan County Commercial Lead #9,County Court Dockets & Filing Parties,,EVALUATED (DISCOVERY QUEUE),Candidate operator discovered during San Juan County municipal docket sweep,"San Juan County, IL",DISC-IL-SAN-109,2026-09-16T18:09:06.214527+00:00
358,Boulder County Public Records Registry,National County Orchestrator,,EVALUATED (JURISDICTION TARGET),"National Swarm Orchestrator target: 1 visits logged, 0 candidate leads evaluated","Boulder County, CO",JUR-CO-BOULDER-COUNTY,2026-09-16T18:08:48.942699+00:00
357,Summit County Public Records Registry,National County Orchestrator,,EVALUATED (JURISDICTION TARGET),"National Swarm Orchestrator target: 1 visits logged, 0 candidate leads evaluated","Summit County, OH",JUR-OH-SUMMIT-COUNTY,2026-09-16T18:08:28.348461+00:00
356,Lucas County Public Records Registry,National County Orchestrator,,EVALUATED (JURISDICTION TARGET),"National Swarm Orchestrator target: 1 visits logged, 0 candidate leads evaluated","Lucas County, OH",JUR-OH-LUCAS-COUNTY,2026-09-16T18:07:44.612301+00:00
355,Hamilton County Public Records Registry,National County Orchestrator,,EVALUATED (JURISDICTION TARGET),"National Swarm Orchestrator target: 1 visits logged, 0 candidate leads evaluated","Hamilton County, OH",JUR-OH-HAMILTON-COUNTY,2026-09-16T18:07:27.861819+00:00
354,Franklin County Public Records Registry,National County Orchestrator,,EVALUATED (JURISDICTION TARGET),"National Swarm Orchestrator target: 1 visits logged, 0 candidate leads evaluated","Franklin County, OH",JUR-OH-FRANKLIN-COUNTY,2026-09-16T18:07:02.461683+00:00
353,Cuyahoga County Public Records Registry,National County Orchestrator,,EVALUATED (JURISDICTION TARGET),"National Swarm Orchestrator target: 1 visits logged, 0 candidate leads evaluated","Cuyahoga County, OH",JUR-OH-CUYAHOGA-COUNTY,2026-09-16T18:06:16.176885+00:00
352,Wake County Public Records Registry,National County Orchestrator,,EVALUATED (JURISDICTION TARGET),"National Swarm Orchestrator target: 1 visits logged, 0 candidate leads evaluated","Wake County, NC",JUR-NC-WAKE-COUNTY,2026-09-16T18:05:53.127644+00:00
351,Mecklenburg County Public Records Registry,National County Orchestrator,,EVALUATED (JURISDICTION TARGET),"National Swarm Orchestrator target: 1 visits logged, 0 candidate leads evaluated","Mecklenburg County, NC",JUR-NC-MECKLENBURG-COUNTY,2026-09-16T18:05:14.516067+00:00
340,Guilford County Public Records Registry,National County Orchestrator,,EVALUATED (JURISDICTION TARGET),"National Swarm Orchestrator target: 1 visits logged, 0 candidate leads evaluated","Guilford County, NC",JUR-NC-GUILFORD-COUNTY,2026-09-16T18:04:27.553343+00:00
339,Forsyth County Public Records Registry,National County Orchestrator,,EVALUATED (JURISDICTION TARGET),"National Swarm Orchestrator target: 1 visits logged, 0 candidate leads evaluated","Forsyth County, NC",JUR-NC-FORSYTH-COUNTY,2026-09-16T18:04:07.395126+00:00
338,Durham County Public Records Registry,National County Orchestrator,,EVALUATED (JURISDICTION TARGET),"National Swarm Orchestrator target: 1 visits logged, 0 candidate leads evaluated","Durham County, NC",JUR-NC-DURHAM-COUNTY,2026-09-16T18:03:26.293190+00:00
337,Richmond County Public Records Registry,National County Orchestrator,,EVALUATED (JURISDICTION TARGET),"National Swarm Orchestrator target: 1 visits logged, 0 candidate leads evaluated","Richmond County, GA",JUR-GA-RICHMOND-COUNTY,2026-09-16T18:02:32.643960+00:00
336,Gwinnett County Public Records Registry,National County Orchestrator,,EVALUATED (JURISDICTION TARGET),"National Swarm Orchestrator target: 1 visits logged, 0 candidate leads evaluated","Gwinnett County, GA",JUR-GA-GWINNETT-COUNTY,2026-09-16T18:01:46.480304+00:00
335,Fulton County Public Records Registry,National County Orchestrator,,EVALUATED (JURISDICTION TARGET),"National Swarm Orchestrator target: 1 visits logged, 0 candidate leads evaluated","Fulton County, GA",JUR-GA-FULTON-COUNTY,2026-09-16T18:01:10.203991+00:00
334,Dekalb County Public Records Registry,National County Orchestrator,,EVALUATED (JURISDICTION TARGET),"National Swarm Orchestrator target: 1 visits logged, 0 candidate leads evaluated","Dekalb County, GA",JUR-GA-DEKALB-COUNTY,2026-09-16T18:00:03.022676+00:00
333,Cobb County Public Records Registry,National County Orchestrator,,EVALUATED (JURISDICTION TARGET),"National Swarm Orchestrator target: 1 visits logged, 0 candidate leads evaluated","Cobb County, GA",JUR-GA-COBB-COUNTY,2026-09-16T17:59:09.194618+00:00
332,Chatham County Public Records Registry,National County Orchestrator,,EVALUATED (JURISDICTION TARGET),"National Swarm Orchestrator target: 1 visits logged, 0 candidate leads evaluated","Chatham County, GA",JUR-GA-CHATHAM-COUNTY,2026-09-16T17:58:06.499910+00:00
309,San Juan County Public Records Registry,National County Orchestrator,,EVALUATED (JURISDICTION TARGET),"National Swarm Orchestrator target: 1 visits logged, 9 candidate leads evaluated","San Juan County, CA",JUR-CA-SAN-JUAN-COUNTY,2026-09-16T17:58:06.465373+00:00
310,San Juan County Commercial Lead #1,County Court Dockets & Filing Parties,,EVALUATED (DISCOVERY QUEUE),Candidate operator discovered during San Juan County municipal docket sweep,"San Juan County, CA",DISC-CA-SAN-101,2026-09-16T17:58:06.465373+00:00
311,San Juan County Commercial Lead #2,County Court Dockets & Filing Parties,,EVALUATED (DISCOVERY QUEUE),Candidate operator discovered during San Juan County municipal docket sweep,"San Juan County, CA",DISC-CA-SAN-102,2026-09-16T17:58:06.465373+00:00
312,San Juan County Commercial Lead #3,County Court Dockets & Filing Parties,,EVALUATED (DISCOVERY QUEUE),Candidate operator discovered during San Juan County municipal docket sweep,"San Juan County, CA",DISC-CA-SAN-103,2026-09-16T17:58:06.465373+00:00
313,San Juan County Commercial Lead #4,County Court Dockets & Filing Parties,,EVALUATED (DISCOVERY QUEUE),Candidate operator discovered during San Juan County municipal docket sweep,"San Juan County, CA",DISC-CA-SAN-104,2026-09-16T17:58:06.465373+00:00
314,San Juan County Commercial Lead #5,County Court Dockets & Filing Parties,,EVALUATED (DISCOVERY QUEUE),Candidate operator discovered during San Juan County municipal docket sweep,"San Juan County, CA",DISC-CA-SAN-105,2026-09-16T17:58:06.465373+00:00
315,San Juan County Commercial Lead #6,County Court Dockets & Filing Parties,,EVALUATED (DISCOVERY QUEUE),Candidate operator discovered during San Juan County municipal docket sweep,"San Juan County, CA",DISC-CA-SAN-106,2026-09-16T17:58:06.465373+00:00
316,San Juan County Commercial Lead #7,County Court Dockets & Filing Parties,,EVALUATED (DISCOVERY QUEUE),Candidate operator discovered during San Juan County municipal docket sweep,"San Juan County, CA",DISC-CA-SAN-107,2026-09-16T17:58:06.465373+00:00
317,San Juan County Commercial Lead #8,County Court Dockets & Filing Parties,,EVALUATED (DISCOVERY QUEUE),Candidate operator discovered during San Juan County municipal docket sweep,"San Juan County, CA",DISC-CA-SAN-108,2026-09-16T17:58:06.465373+00:00
318,San Juan County Commercial Lead #9,County Court Dockets & Filing Parties,,EVALUATED (DISCOVERY QUEUE),Candidate operator discovered during San Juan County municipal docket sweep,"San Juan County, CA",DISC-CA-SAN-109,2026-09-16T17:58:06.465373+00:00
331,Winnebago County Public Records Registry,National County Orchestrator,,EVALUATED (JURISDICTION TARGET),"National Swarm Orchestrator target: 1 visits logged, 0 candidate leads evaluated","Winnebago County, IL",JUR-IL-WINNEBAGO-COUNTY,2026-09-16T17:57:39.362593+00:00
330,Will County Public Records Registry,National County Orchestrator,,EVALUATED (JURISDICTION TARGET),"National Swarm Orchestrator target: 1 visits logged, 0 candidate leads evaluated","Will County, IL",JUR-IL-WILL-COUNTY,2026-09-16T17:57:05.747858+00:00
5,Find Your Phone Law Group,County Court Dockets & Filing Parties,contact@kaspr.io,VETTED (ARCHIVED),"Passed all scout qualification, MX deliverability, and commercial legitimacy checks","Harris County, TX (Houston)",,2026-09-16T17:56:48.251697+00:00
329,Sangamon County Public Records Registry,National County Orchestrator,,EVALUATED (JURISDICTION TARGET),"National Swarm Orchestrator target: 1 visits logged, 0 candidate leads evaluated","Sangamon County, IL",JUR-IL-SANGAMON-COUNTY,2026-09-16T17:56:32.164658+00:00
328,Peoria County Public Records Registry,National County Orchestrator,,EVALUATED (JURISDICTION TARGET),"National Swarm Orchestrator target: 1 visits logged, 0 candidate leads evaluated","Peoria County, IL",JUR-IL-PEORIA-COUNTY,2026-09-16T17:56:07.886295+00:00
327,Lake County Public Records Registry,National County Orchestrator,,EVALUATED (JURISDICTION TARGET),"National Swarm Orchestrator target: 1 visits logged, 0 candidate leads evaluated","Lake County, IL",JUR-IL-LAKE-COUNTY,2026-09-16T17:55:56.440261+00:00
326,Kane County Public Records Registry,National County Orchestrator,,EVALUATED (JURISDICTION TARGET),"National Swarm Orchestrator target: 1 visits logged, 0 candidate leads evaluated","Kane County, IL",JUR-IL-KANE-COUNTY,2026-09-16T17:55:43.683955+00:00
325,Dupage County Public Records Registry,National County Orchestrator,,EVALUATED (JURISDICTION TARGET),"National Swarm Orchestrator target: 1 visits logged, 0 candidate leads evaluated","Dupage County, IL",JUR-IL-DUPAGE-COUNTY,2026-09-16T17:55:12.248329+00:00
324,Cook County Public Records Registry,National County Orchestrator,,EVALUATED (JURISDICTION TARGET),"National Swarm Orchestrator target: 1 visits logged, 0 candidate leads evaluated","Cook County, IL",JUR-IL-COOK-COUNTY,2026-09-16T17:55:07.360657+00:00
323,Yuma County Public Records Registry,National County Orchestrator,,EVALUATED (JURISDICTION TARGET),"National Swarm Orchestrator target: 1 visits logged, 0 candidate leads evaluated","Yuma County, AZ",JUR-AZ-YUMA-COUNTY,2026-09-16T17:54:36.028273+00:00
322,Yavapai County Public Records Registry,National County Orchestrator,,EVALUATED (JURISDICTION TARGET),"National Swarm Orchestrator target: 1 visits logged, 0 candidate leads evaluated","Yavapai County, AZ",JUR-AZ-YAVAPAI-COUNTY,2026-09-16T17:54:18.263870+00:00
320,Maricopa County Public Records Registry,National County Orchestrator,,EVALUATED (JURISDICTION TARGET),"National Swarm Orchestrator target: 1 visits logged, 0 candidate leads evaluated","Maricopa County, AZ",JUR-AZ-MARICOPA-COUNTY,2026-09-16T17:53:55.725890+00:00
321,Pima County Public Records Registry,National County Orchestrator,,EVALUATED (JURISDICTION TARGET),"National Swarm Orchestrator target: 1 visits logged, 0 candidate leads evaluated","Pima County, AZ",JUR-AZ-PIMA-COUNTY,2026-09-16T17:53:55.725890+00:00
319,Coconino County Public Records Registry,National County Orchestrator,,EVALUATED (JURISDICTION TARGET),"National Swarm Orchestrator target: 1 visits logged, 0 candidate leads evaluated","Coconino County, AZ",JUR-AZ-COCONINO-COUNTY,2026-09-16T17:53:26.232612+00:00
267,San Juan County Public Records Registry,National County Orchestrator,,EVALUATED (JURISDICTION TARGET),"National Swarm Orchestrator target: 1 visits logged, 9 candidate leads evaluated","San Juan County, FL",JUR-FL-SAN-JUAN-COUNTY,2026-09-16T17:52:26.083729+00:00
268,San Juan County Commercial Lead #1,County Court Dockets & Filing Parties,,EVALUATED (DISCOVERY QUEUE),Candidate operator discovered during San Juan County municipal docket sweep,"San Juan County, FL",DISC-FL-SAN-101,2026-09-16T17:52:26.083729+00:00
269,San Juan County Commercial Lead #2,County Court Dockets & Filing Parties,,EVALUATED (DISCOVERY QUEUE),Candidate operator discovered during San Juan County municipal docket sweep,"San Juan County, FL",DISC-FL-SAN-102,2026-09-16T17:52:26.083729+00:00
270,San Juan County Commercial Lead #3,County Court Dockets & Filing Parties,,EVALUATED (DISCOVERY QUEUE),Candidate operator discovered during San Juan County municipal docket sweep,"San Juan County, FL",DISC-FL-SAN-103,2026-09-16T17:52:26.083729+00:00
271,San Juan County Commercial Lead #4,County Court Dockets & Filing Parties,,EVALUATED (DISCOVERY QUEUE),Candidate operator discovered during San Juan County municipal docket sweep,"San Juan County, FL",DISC-FL-SAN-104,2026-09-16T17:52:26.083729+00:00
272,San Juan County Commercial Lead #5,County Court Dockets & Filing Parties,,EVALUATED (DISCOVERY QUEUE),Candidate operator discovered during San Juan County municipal docket sweep,"San Juan County, FL",DISC-FL-SAN-105,2026-09-16T17:52:26.083729+00:00
273,San Juan County Commercial Lead #6,County Court Dockets & Filing Parties,,EVALUATED (DISCOVERY QUEUE),Candidate operator discovered during San Juan County municipal docket sweep,"San Juan County, FL",DISC-FL-SAN-106,2026-09-16T17:52:26.083729+00:00
274,San Juan County Commercial Lead #7,County Court Dockets & Filing Parties,,EVALUATED (DISCOVERY QUEUE),Candidate operator discovered during San Juan County municipal docket sweep,"San Juan County, FL",DISC-FL-SAN-107,2026-09-16T17:52:26.083729+00:00
275,San Juan County Commercial Lead #8,County Court Dockets & Filing Parties,,EVALUATED (DISCOVERY QUEUE),Candidate operator discovered during San Juan County municipal docket sweep,"San Juan County, FL",DISC-FL-SAN-108,2026-09-16T17:52:26.083729+00:00
276,San Juan County Commercial Lead #9,County Court Dockets & Filing Parties,,EVALUATED (DISCOVERY QUEUE),Candidate operator discovered during San Juan County municipal docket sweep,"San Juan County, FL",DISC-FL-SAN-109,2026-09-16T17:52:26.083729+00:00
251,Kittitas County Public Records Registry,National County Orchestrator,,EVALUATED (JURISDICTION TARGET),"National Swarm Orchestrator target: 1 visits logged, 9 candidate leads evaluated","Kittitas County, CA",JUR-CA-KITTITAS-COUNTY,2026-09-16T17:51:04.421563+00:00
252,Kittitas County Commercial Lead #1,County Court Dockets & Filing Parties,,EVALUATED (DISCOVERY QUEUE),Candidate operator discovered during Kittitas County municipal docket sweep,"Kittitas County, CA",DISC-CA-KIT-101,2026-09-16T17:51:04.421563+00:00
253,Kittitas County Commercial Lead #2,County Court Dockets & Filing Parties,,EVALUATED (DISCOVERY QUEUE),Candidate operator discovered during Kittitas County municipal docket sweep,"Kittitas County, CA",DISC-CA-KIT-102,2026-09-16T17:51:04.421563+00:00
254,Kittitas County Commercial Lead #3,County Court Dockets & Filing Parties,,EVALUATED (DISCOVERY QUEUE),Candidate operator discovered during Kittitas County municipal docket sweep,"Kittitas County, CA",DISC-CA-KIT-103,2026-09-16T17:51:04.421563+00:00
255,Kittitas County Commercial Lead #4,County Court Dockets & Filing Parties,,EVALUATED (DISCOVERY QUEUE),Candidate operator discovered during Kittitas County municipal docket sweep,"Kittitas County, CA",DISC-CA-KIT-104,2026-09-16T17:51:04.421563+00:00
256,Kittitas County Commercial Lead #5,County Court Dockets & Filing Parties,,EVALUATED (DISCOVERY QUEUE),Candidate operator discovered during Kittitas County municipal docket sweep,"Kittitas County, CA",DISC-CA-KIT-105,2026-09-16T17:51:04.421563+00:00
257,Kittitas County Commercial Lead #6,County Court Dockets & Filing Parties,,EVALUATED (DISCOVERY QUEUE),Candidate operator discovered during Kittitas County municipal docket sweep,"Kittitas County, CA",DISC-CA-KIT-106,2026-09-16T17:51:04.421563+00:00
258,Kittitas County Commercial Lead #7,County Court Dockets & Filing Parties,,EVALUATED (DISCOVERY QUEUE),Candidate operator discovered during Kittitas County municipal docket sweep,"Kittitas County, CA",DISC-CA-KIT-107,2026-09-16T17:51:04.421563+00:00
259,Kittitas County Commercial Lead #8,County Court Dockets & Filing Parties,,EVALUATED (DISCOVERY QUEUE),Candidate operator discovered during Kittitas County municipal docket sweep,"Kittitas County, CA",DISC-CA-KIT-108,2026-09-16T17:51:04.421563+00:00
260,Kittitas County Commercial Lead #9,County Court Dockets & Filing Parties,,EVALUATED (DISCOVERY QUEUE),Candidate operator discovered during Kittitas County municipal docket sweep,"Kittitas County, CA",DISC-CA-KIT-109,2026-09-16T17:51:04.421563+00:00
233,San Juan County Public Records Registry,National County Orchestrator,,EVALUATED (JURISDICTION TARGET),"National Swarm Orchestrator target: 1 visits logged, 8 candidate leads evaluated","San Juan County, TX",JUR-TX-SAN-JUAN-COUNTY,2026-09-16T17:48:16.102090+00:00
234,San Juan County Commercial Lead #1,County Court Dockets & Filing Parties,,EVALUATED (DISCOVERY QUEUE),Candidate operator discovered during San Juan County municipal docket sweep,"San Juan County, TX",DISC-TX-SAN-101,2026-09-16T17:48:16.102090+00:00
235,San Juan County Commercial Lead #2,County Court Dockets & Filing Parties,,EVALUATED (DISCOVERY QUEUE),Candidate operator discovered during San Juan County municipal docket sweep,"San Juan County, TX",DISC-TX-SAN-102,2026-09-16T17:48:16.102090+00:00
236,San Juan County Commercial Lead #3,County Court Dockets & Filing Parties,,EVALUATED (DISCOVERY QUEUE),Candidate operator discovered during San Juan County municipal docket sweep,"San Juan County, TX",DISC-TX-SAN-103,2026-09-16T17:48:16.102090+00:00
237,San Juan County Commercial Lead #4,County Court Dockets & Filing Parties,,EVALUATED (DISCOVERY QUEUE),Candidate operator discovered during San Juan County municipal docket sweep,"San Juan County, TX",DISC-TX-SAN-104,2026-09-16T17:48:16.102090+00:00
238,San Juan County Commercial Lead #5,County Court Dockets & Filing Parties,,EVALUATED (DISCOVERY QUEUE),Candidate operator discovered during San Juan County municipal docket sweep,"San Juan County, TX",DISC-TX-SAN-105,2026-09-16T17:48:16.102090+00:00
239,San Juan County Commercial Lead #6,County Court Dockets & Filing Parties,,EVALUATED (DISCOVERY QUEUE),Candidate operator discovered during San Juan County municipal docket sweep,"San Juan County, TX",DISC-TX-SAN-106,2026-09-16T17:48:16.102090+00:00
240,San Juan County Commercial Lead #7,County Court Dockets & Filing Parties,,EVALUATED (DISCOVERY QUEUE),Candidate operator discovered during San Juan County municipal docket sweep,"San Juan County, TX",DISC-TX-SAN-107,2026-09-16T17:48:16.102090+00:00
241,San Juan County Commercial Lead #8,County Court Dockets & Filing Parties,,EVALUATED (DISCOVERY QUEUE),Candidate operator discovered during San Juan County municipal docket sweep,"San Juan County, TX",DISC-TX-SAN-108,2026-09-16T17:48:16.102090+00:00
6,Inventory Attorney Manual Law Group,County Court Dockets & Filing Parties,support@entitycheck.com,VETTED (ARCHIVED),"Passed all scout qualification, MX deliverability, and commercial legitimacy checks","Orange County, FL (Orlando)",,2026-09-16T17:46:47.560828+00:00
215,Kittitas County Public Records Registry,National County Orchestrator,,EVALUATED (JURISDICTION TARGET),"National Swarm Orchestrator target: 1 visits logged, 9 candidate leads evaluated","Kittitas County, FL",JUR-FL-KITTITAS-COUNTY,2026-09-16T17:46:00.688663+00:00
216,Kittitas County Commercial Lead #1,County Court Dockets & Filing Parties,,EVALUATED (DISCOVERY QUEUE),Candidate operator discovered during Kittitas County municipal docket sweep,"Kittitas County, FL",DISC-FL-KIT-101,2026-09-16T17:46:00.688663+00:00
217,Kittitas County Commercial Lead #2,County Court Dockets & Filing Parties,,EVALUATED (DISCOVERY QUEUE),Candidate operator discovered during Kittitas County municipal docket sweep,"Kittitas County, FL",DISC-FL-KIT-102,2026-09-16T17:46:00.688663+00:00
218,Kittitas County Commercial Lead #3,County Court Dockets & Filing Parties,,EVALUATED (DISCOVERY QUEUE),Candidate operator discovered during Kittitas County municipal docket sweep,"Kittitas County, FL",DISC-FL-KIT-103,2026-09-16T17:46:00.688663+00:00
219,Kittitas County Commercial Lead #4,County Court Dockets & Filing Parties,,EVALUATED (DISCOVERY QUEUE),Candidate operator discovered during Kittitas County municipal docket sweep,"Kittitas County, FL",DISC-FL-KIT-104,2026-09-16T17:46:00.688663+00:00
220,Kittitas County Commercial Lead #5,County Court Dockets & Filing Parties,,EVALUATED (DISCOVERY QUEUE),Candidate operator discovered during Kittitas County municipal docket sweep,"Kittitas County, FL",DISC-FL-KIT-105,2026-09-16T17:46:00.688663+00:00
221,Kittitas County Commercial Lead #6,County Court Dockets & Filing Parties,,EVALUATED (DISCOVERY QUEUE),Candidate operator discovered during Kittitas County municipal docket sweep,"Kittitas County, FL",DISC-FL-KIT-106,2026-09-16T17:46:00.688663+00:00
222,Kittitas County Commercial Lead #7,County Court Dockets & Filing Parties,,EVALUATED (DISCOVERY QUEUE),Candidate operator discovered during Kittitas County municipal docket sweep,"Kittitas County, FL",DISC-FL-KIT-107,2026-09-16T17:46:00.688663+00:00
223,Kittitas County Commercial Lead #8,County Court Dockets & Filing Parties,,EVALUATED (DISCOVERY QUEUE),Candidate operator discovered during Kittitas County municipal docket sweep,"Kittitas County, FL",DISC-FL-KIT-108,2026-09-16T17:46:00.688663+00:00
224,Kittitas County Commercial Lead #9,County Court Dockets & Filing Parties,,EVALUATED (DISCOVERY QUEUE),Candidate operator discovered during Kittitas County municipal docket sweep,"Kittitas County, FL",DISC-FL-KIT-109,2026-09-16T17:46:00.688663+00:00
181,Kittitas County Public Records Registry,National County Orchestrator,,EVALUATED (JURISDICTION TARGET),"National Swarm Orchestrator target: 1 visits logged, 7 candidate leads evaluated","Kittitas County, TX",JUR-TX-KITTITAS-COUNTY,2026-09-16T17:39:59.947628+00:00
182,Kittitas County Commercial Lead #1,County Court Dockets & Filing Parties,,EVALUATED (DISCOVERY QUEUE),Candidate operator discovered during Kittitas County municipal docket sweep,"Kittitas County, TX",DISC-TX-KIT-101,2026-09-16T17:39:59.947628+00:00
183,Kittitas County Commercial Lead #2,County Court Dockets & Filing Parties,,EVALUATED (DISCOVERY QUEUE),Candidate operator discovered during Kittitas County municipal docket sweep,"Kittitas County, TX",DISC-TX-KIT-102,2026-09-16T17:39:59.947628+00:00
184,Kittitas County Commercial Lead #3,County Court Dockets & Filing Parties,,EVALUATED (DISCOVERY QUEUE),Candidate operator discovered during Kittitas County municipal docket sweep,"Kittitas County, TX",DISC-TX-KIT-103,2026-09-16T17:39:59.947628+00:00
185,Kittitas County Commercial Lead #4,County Court Dockets & Filing Parties,,EVALUATED (DISCOVERY QUEUE),Candidate operator discovered during Kittitas County municipal docket sweep,"Kittitas County, TX",DISC-TX-KIT-104,2026-09-16T17:39:59.947628+00:00
186,Kittitas County Commercial Lead #5,County Court Dockets & Filing Parties,,EVALUATED (DISCOVERY QUEUE),Candidate operator discovered during Kittitas County municipal docket sweep,"Kittitas County, TX",DISC-TX-KIT-105,2026-09-16T17:39:59.947628+00:00
187,Kittitas County Commercial Lead #6,County Court Dockets & Filing Parties,,EVALUATED (DISCOVERY QUEUE),Candidate operator discovered during Kittitas County municipal docket sweep,"Kittitas County, TX",DISC-TX-KIT-106,2026-09-16T17:39:59.947628+00:00
188,Kittitas County Commercial Lead #7,County Court Dockets & Filing Parties,,EVALUATED (DISCOVERY QUEUE),Candidate operator discovered during Kittitas County municipal docket sweep,"Kittitas County, TX",DISC-TX-KIT-107,2026-09-16T17:39:59.947628+00:00
7,"HOUSTON METROPOLITAN DANCE CENTER, INC",County Court Dockets & Filing Parties,info@metdance.org,VETTED (ARCHIVED),"Passed all scout qualification, MX deliverability, and commercial legitimacy checks",State of Texas (Statewide),,2026-09-16T17:22:03.072683+00:00
8,FUTURE FORTUNES INC,County Court Dockets & Filing Parties,office@futurefortunesinc.com,VETTED (ARCHIVED),"Passed all scout qualification, MX deliverability, and commercial legitimacy checks",State of Texas (Statewide),,2026-09-16T17:17:04.270667+00:00
9,Olfmailer,County Court Dockets & Filing Parties,ben@olfmailer.com,VETTED (CONVERSATIONAL_INTAKE),"Passed all scout qualification, MX deliverability, and commercial legitimacy checks",", ",,2026-09-16T17:16:45.865261+00:00
10,WHIRLPOOL CORPORATION,County Court Dockets & Filing Parties,dummy@dummy.com,VETTED (ARCHIVED),"Passed all scout qualification, MX deliverability, and commercial legitimacy checks",Statewide Commercial Finance & Business Registry,,2026-09-16T17:15:27.594971+00:00
11,NEWARK ENDOSCOPY ASSOC LLC THE,County Court Dockets & Filing Parties,,VETTED (ARCHIVED),"Passed all scout qualification, MX deliverability, and commercial legitimacy checks",Statewide Commercial Finance & Business Registry,,2026-09-16T17:12:44.806186+00:00
12,UNDERMAIN THEATRE,County Court Dockets & Filing Parties,mail@undermain.org,VETTED (ARCHIVED),"Passed all scout qualification, MX deliverability, and commercial legitimacy checks",State of Texas (Statewide),,2026-09-16T17:01:23.463133+00:00
13,OUR LADY OF THE GULF CATHOLIC CHURCH,County Court Dockets & Filing Parties,team@ourladyofthegulfcatholicchurch.com,VETTED (ARCHIVED),"Passed all scout qualification, MX deliverability, and commercial legitimacy checks",State of Texas (Statewide),,2026-09-16T16:59:09.040372+00:00
14,OUR LADY OF THE GULF CATHOLIC CHURCH,County Court Dockets & Filing Parties,support@contactout.com,VETTED (ARCHIVED),"Passed all scout qualification, MX deliverability, and commercial legitimacy checks",State of Texas (Statewide),,2026-09-16T16:58:46.781209+00:00
15,Real Sports App Law Group,County Court Dockets & Filing Parties,support@rocketreach.co,VETTED (ARCHIVED),"Passed all scout qualification, MX deliverability, and commercial legitimacy checks","Harris County, TX (Houston)",,2026-09-16T16:58:18.783538+00:00
16,Microsoft,County Court Dockets & Filing Parties,microsoft-noreply@microsoft.com,VETTED (CONVERSATIONAL_INTAKE),"Passed all scout qualification, MX deliverability, and commercial legitimacy checks",", ",,2026-09-16T00:09:04.452034+00:00
17,Alex | OmniLeadFeeder,County Court Dockets & Filing Parties,christopher.ben.pahrman@gmail.com,VETTED (CONVERSATIONAL_INTAKE),"Passed all scout qualification, MX deliverability, and commercial legitimacy checks",", ",,2026-09-15T23:24:28.318375+00:00
18,Messages,County Court Dockets & Filing Parties,cash-app@messages.cash.app,VETTED (CONVERSATIONAL_INTAKE),"Passed all scout qualification, MX deliverability, and commercial legitimacy checks",", ",,2026-09-15T22:51:45.902706+00:00
19,Notifications,County Court Dockets & Filing Parties,info@notifications.acorns.com,VETTED (CONVERSATIONAL_INTAKE),"Passed all scout qualification, MX deliverability, and commercial legitimacy checks",", ",,2026-09-15T22:50:41.649717+00:00
20,News,County Court Dockets & Filing Parties,mistplay@news.mistplay.com,VETTED (CONVERSATIONAL_INTAKE),"Passed all scout qualification, MX deliverability, and commercial legitimacy checks",", ",,2026-09-15T22:50:29.928025+00:00
21,Notifications,County Court Dockets & Filing Parties,accounts@notifications.acorns.com,VETTED (CONVERSATIONAL_INTAKE),"Passed all scout qualification, MX deliverability, and commercial legitimacy checks",", ",,2026-09-15T22:50:07.234461+00:00
22,News,County Court Dockets & Filing Parties,email@news.temuemail.com,VETTED (ARCHIVED),"Passed all scout qualification, MX deliverability, and commercial legitimacy checks",", ",,2026-09-15T22:49:36.998736+00:00
35,Lugo's Plumbing Service,Municipal & Commercial Permits,,EVALUATED (UNVETTED FILING),Active municipal permit: Plumbing Permit - Replacing angle stop supply water valve with new compression valves x6,"Austin / Travis County, TX (2704 ACOPIO BND, Austin, TX)",2026-115314 PP,2026-09-12
36,Vences Contracting Group,Municipal & Commercial Permits,,EVALUATED (UNVETTED FILING),Active municipal permit: Mechanical Permit - Replacement of complete existing central heat and air system with or without duct work Equ,"Austin / Travis County, TX (5517 ICON ST, Austin, TX)",2026-117820 MP,2026-09-12
37,H&M PLUMBING,Municipal & Commercial Permits,,EVALUATED (UNVETTED FILING),Active municipal permit: Plumbing Permit - ePlan: Residential Expedited Review - New construction of a 2-Story Duplex [1bed 1.5bath] ,"Austin / Travis County, TX (1608 PEASE RD UNIT B, Austin, TX)",2026-049353 PP,2026-09-12
38,AEI Electric LLC,Municipal & Commercial Permits,,EVALUATED (UNVETTED FILING),Active municipal permit: Electrical Permit - ePlan: Residential Expedited Review - New construction of a 3-Story Single Family Res. [3b,"Austin / Travis County, TX (5401 DOWNS DR BLDG 1, Austin, TX)",2026-109368 EP,2026-09-12
39,H&M PLUMBING,Municipal & Commercial Permits,,EVALUATED (UNVETTED FILING),Active municipal permit: Plumbing Permit - ePlan: Residential Expedited Review - New construction of a 2-Story Duplex [3bed 4bath]. U,"Austin / Travis County, TX (1608 PEASE RD UNIT A, Austin, TX)",2026-049352 PP,2026-09-12
40,AC Electric,Municipal & Commercial Permits,,EVALUATED (UNVETTED FILING),Active municipal permit: Electrical Permit - T-POLE[Ref2026-098625 BP],"Austin / Travis County, TX (2110 BRISTOL DR, Austin, TX)",2026-117306 EP,2026-09-12
41,My Plumber is a Nerd,Municipal & Commercial Permits,,EVALUATED (UNVETTED FILING),Active municipal permit: Plumbing Permit - Interior build-back and restoration of two fire-damaged apartment units. Replacement of dr,"Austin / Travis County, TX (9345 E US 290 HWY SVRD EB UNIT 4204, Austin, TX)",2026-116526 PP,2026-09-12
42,AEI Electric LLC,Municipal & Commercial Permits,,EVALUATED (UNVETTED FILING),Active municipal permit: Electrical Permit - New construction of a 3-Story Single Family Res. [4bed 3bath] with Covered Porch Covered P,"Austin / Travis County, TX (5401 DOWNS DR BLDG 3, Austin, TX)",2026-109370 EP,2026-09-12
43,Brent  Rothchild,Municipal & Commercial Permits,,EVALUATED (UNVETTED FILING),"Active municipal permit: Building Permit - Total demo of shed 490 sq ft circa 1936

***The building shall not be demolished until aft","Austin / Travis County, TX (2831 SAN GABRIEL ST, Austin, TX)",2026-118763 BP,2026-09-12
44,Charge Pro LLC,Municipal & Commercial Permits,,EVALUATED (UNVETTED FILING),Active municipal permit: Electrical Permit - Temporary outage required to upgrade service to 200A new meter can new 200A breaker govern,"Austin / Travis County, TX (6402 AMBERLY PL, Austin, TX)",2026-116059 EP,2026-09-12
45,AEI Electric LLC,Municipal & Commercial Permits,,EVALUATED (UNVETTED FILING),Active municipal permit: Electrical Permit - ePlan: Residential Expedited Review - New construction of a 2-Story Single Family Res. [3b,"Austin / Travis County, TX (5401 DOWNS DR BLDG 2, Austin, TX)",2026-109369 EP,2026-09-12
46,NAJ TEXAS LLC,Municipal & Commercial Permits,,EVALUATED (UNVETTED FILING),Active municipal permit: Plumbing Permit - New unconditioned shed with no power or plumbing,"Austin / Travis County, TX (2113 ALLRED DR, Austin, TX)",2026-118256 PP,2026-09-12
73,Lugo's Plumbing Service,Municipal & Commercial Permits,,EVALUATED (UNVETTED FILING),Issued permit: Replacing angle stop supply water valve with new compression valves x6,"2704 ACOPIO BND, Austin, TX",2026-115314 PP,2026-09-12
74,Vences Contracting Group,Municipal & Commercial Permits,,EVALUATED (UNVETTED FILING),Issued permit: Replacement of complete existing central heat and air system with or without duc,"5517 ICON ST, Austin, TX",2026-117820 MP,2026-09-12
75,H&M PLUMBING,Municipal & Commercial Permits,,EVALUATED (UNVETTED FILING),Issued permit: ePlan: Residential Expedited Review - New construction of a 2-Story Duplex [1bed,"1608 PEASE RD UNIT B, Austin, TX",2026-049353 PP,2026-09-12
76,AEI Electric LLC,Municipal & Commercial Permits,,EVALUATED (UNVETTED FILING),Issued permit: ePlan: Residential Expedited Review - New construction of a 3-Story Single Famil,"5401 DOWNS DR BLDG 1, Austin, TX",2026-109368 EP,2026-09-12
77,H&M PLUMBING,Municipal & Commercial Permits,,EVALUATED (UNVETTED FILING),Issued permit: ePlan: Residential Expedited Review - New construction of a 2-Story Duplex [3bed,"1608 PEASE RD UNIT A, Austin, TX",2026-049352 PP,2026-09-12
78,AC Electric,Municipal & Commercial Permits,,EVALUATED (UNVETTED FILING),Issued permit: T-POLE[Ref2026-098625 BP],"2110 BRISTOL DR, Austin, TX",2026-117306 EP,2026-09-12
79,My Plumber is a Nerd,Municipal & Commercial Permits,,EVALUATED (UNVETTED FILING),Issued permit: Interior build-back and restoration of two fire-damaged apartment units. Replace,"9345 E US 290 HWY SVRD EB UNIT 4204, Austin, TX",2026-116526 PP,2026-09-12
80,AEI Electric LLC,Municipal & Commercial Permits,,EVALUATED (UNVETTED FILING),Issued permit: New construction of a 3-Story Single Family Res. [4bed 3bath] with Covered Porch,"5401 DOWNS DR BLDG 3, Austin, TX",2026-109370 EP,2026-09-12
81,Brent  Rothchild,Municipal & Commercial Permits,,EVALUATED (UNVETTED FILING),"Issued permit: Total demo of shed 490 sq ft circa 1936

***The building shall not be demolished","2831 SAN GABRIEL ST, Austin, TX",2026-118763 BP,2026-09-12
82,Charge Pro LLC,Municipal & Commercial Permits,,EVALUATED (UNVETTED FILING),Issued permit: Temporary outage required to upgrade service to 200A new meter can new 200A brea,"6402 AMBERLY PL, Austin, TX",2026-116059 EP,2026-09-12
83,AEI Electric LLC,Municipal & Commercial Permits,,EVALUATED (UNVETTED FILING),Issued permit: ePlan: Residential Expedited Review - New construction of a 2-Story Single Famil,"5401 DOWNS DR BLDG 2, Austin, TX",2026-109369 EP,2026-09-12
84,NAJ TEXAS LLC,Municipal & Commercial Permits,,EVALUATED (UNVETTED FILING),Issued permit: New unconditioned shed with no power or plumbing,"2113 ALLRED DR, Austin, TX",2026-118256 PP,2026-09-12
23,ST MARTIN DE PORRES CATHOLIC CHURCH,County Court Dockets & Filing Parties,info@datanyze.com,VETTED (ARCHIVED),"Passed all scout qualification, MX deliverability, and commercial legitimacy checks",State of Texas (Statewide),,2026-09-11T17:29:25.283058+00:00
47,"Stan's Heating, Air, Plumbing, & Electrical",Municipal & Commercial Permits,,EVALUATED (UNVETTED FILING),Active municipal permit: Mechanical Permit - Replacement of complete existing central heat and air system with or without duct work LIK,"Austin / Travis County, TX (13146 BAYFIELD DR, Austin, TX)",2026-115098 MP,2026-09-11
48,Joseph Design Build**MAIN***,Municipal & Commercial Permits,,EVALUATED (UNVETTED FILING),Active municipal permit: Building Permit - ePlan: Residential Expedited Review - New construction of a 2-Story Single Family Res. [3b,"Austin / Travis County, TX (709 W MONROE ST, Austin, TX)",2025-115505 BP,2026-09-11
49,"Stan's Heating, Air, Plumbing, & Electrical",Municipal & Commercial Permits,,EVALUATED (UNVETTED FILING),Active municipal permit: Mechanical Permit - Replacement of complete existing central heat and air system with or without duct work LIK,"Austin / Travis County, TX (6202 LARCH TER, Austin, TX)",2026-113732 MP,2026-09-11
50,Registered Contractor,Municipal & Commercial Permits,,EVALUATED (UNVETTED FILING),Active municipal permit: Plumbing Permit - Installing a new irrigation system,"Austin / Travis County, TX (12008 SALVADOR ST, Austin, TX)",2026-117879 PP,2026-09-11
51,The Coolest LLC,Municipal & Commercial Permits,,EVALUATED (UNVETTED FILING),Active municipal permit: Mechanical Permit - Replacement of complete existing central heat and air system with or without duct work,"Austin / Travis County, TX (2601 MARIA ANNA RD, Austin, TX)",2026-112631 MP,2026-09-11
52,Victory Plumbing Company,Municipal & Commercial Permits,,EVALUATED (UNVETTED FILING),"Active municipal permit: Plumbing Permit - ETJ- New SFR (2370 Sq. Ft.)
REF: 2026-112632 WW","Austin / Travis County, TX (13602 RIDING DR, Austin, TX)",2026-114486 PP,2026-09-11
53,C & S Services,Municipal & Commercial Permits,,EVALUATED (UNVETTED FILING),Active municipal permit: Mechanical Permit - Replacement of complete existing central heat and air system with or without duct work 4 T,"Austin / Travis County, TX (7205 EASTCREST DR, Austin, TX)",2026-117424 MP,2026-09-11
54,HNH SERVICES,Municipal & Commercial Permits,,EVALUATED (UNVETTED FILING),Active municipal permit: Plumbing Permit - ePlan: Commercial Expedited Review - New Construction of Athletic Center to Include New Gy,"Austin / Travis County, TX (13401 ESCARPMENT BLVD BLDG REC, Austin, TX)",2026-061183 PP,2026-09-11
55,"Stan's Heating, Air, Plumbing, & Electrical",Municipal & Commercial Permits,,EVALUATED (UNVETTED FILING),Active municipal permit: Mechanical Permit - Replacement of complete existing central heat and air system with or without duct work LIK,"Austin / Travis County, TX (1016 SPEER LN, Austin, TX)",2026-113735 MP,2026-09-11
56,Elite TXP Services,Municipal & Commercial Permits,,EVALUATED (UNVETTED FILING),Active municipal permit: Plumbing Permit - Adding on a new master bedroom a new master walk in closet a new master bathroom a new uti,"Austin / Travis County, TX (5658 E OAK BLVD, Austin, TX)",2026-094495 PP,2026-09-11
57,"Scorpion Construction Services, LLC",Municipal & Commercial Permits,,EVALUATED (UNVETTED FILING),Active municipal permit: Building Permit - Interior renovation of existing home including minor modifications to plumbing electrical ,"Austin / Travis County, TX (6408 LEDGE MOUNTAIN DR, Austin, TX)",2026-118708 BP,2026-09-11
58,PlumbPros,Municipal & Commercial Permits,,EVALUATED (UNVETTED FILING),Active municipal permit: Plumbing Permit - 31 sewer replacement in front yard,"Austin / Travis County, TX (6017 AVERY ISLAND AVE, Austin, TX)",2026-117321 PP,2026-09-11
59,Brookfield Residential Texas Homes LLC,Municipal & Commercial Permits,,EVALUATED (UNVETTED FILING),Active municipal permit: Building Permit - New SFR 2 - Story 4 bedroom 3.5 bath with attached 2-car garage covered front porch and co,"Austin / Travis County, TX (8113 PEERLESS PASS, Austin, TX)",2026-118709 BP,2026-09-11
60,Tovar Electrical Services,Municipal & Commercial Permits,,EVALUATED (UNVETTED FILING),"Active municipal permit: Electrical Permit - ETJ New construction multi-family 
MC1+HP 18 meters/house panel
MC2 18 meters","Austin / Travis County, TX (4915 E YAGER LN BLDG 7, Austin, TX)",2026-119134 EP,2026-09-11
61,Local Plumbing Service-DBA Crow's Plumbing Service,Municipal & Commercial Permits,,EVALUATED (UNVETTED FILING),Active municipal permit: Plumbing Permit - 2 story 3 bed 2.5 bath with attached garage covered front porch and rear covered patio,"Austin / Travis County, TX (6603 CANNONLEAGUE DR, Austin, TX)",2026-113449 PP,2026-09-11
62,"Stan's Heating, Air, Plumbing, & Electrical",Municipal & Commercial Permits,,EVALUATED (UNVETTED FILING),Active municipal permit: Mechanical Permit - Replacement of complete existing central heat and air system with or without duct work LIK,"Austin / Travis County, TX (1005 EASON ST, Austin, TX)",2026-112514 MP,2026-09-11
63,"Protex Plumbing & Mechanical, LP",Municipal & Commercial Permits,,EVALUATED (UNVETTED FILING),Active municipal permit: Plumbing Permit - SFR 1-STORY 3 BEDROOM WITH 2 BATHROOMS WITH 2 CAR GARAGE AND COVERED PATIO,"Austin / Travis County, TX (4804 NATIVE PEARL LN, Austin, TX)",2026-115803 PP,2026-09-11
64,"Austin Air & Ice, LLC",Municipal & Commercial Permits,,EVALUATED (UNVETTED FILING),"Active municipal permit: Mechanical Permit - Secondary Contractor*
Install new walk in cooler","Austin / Travis County, TX (7600 BURNET RD UNIT 250, Austin, TX)",2026-119258 MP,2026-09-11
65,Wilkins Electric Inc.,Municipal & Commercial Permits,,EVALUATED (UNVETTED FILING),Active municipal permit: Electrical Permit - Unit B New construction 1-story SF Res [1bath],"Austin / Travis County, TX (1604 DYWER AVE UNIT B, Austin, TX)",2026-109499 EP,2026-09-11
66,Multi Electric Co.,Municipal & Commercial Permits,,EVALUATED (UNVETTED FILING),Active municipal permit: Electrical Permit - Replacing a 200 amp disconnect and reinstalling pulled out ground wires and conduit due to,"Austin / Travis County, TX (5432 S IH 35 SVRD SB, Austin, TX)",2026-115729 EP,2026-09-11
67,Tovar Electrical Services,Municipal & Commercial Permits,,EVALUATED (UNVETTED FILING),"Active municipal permit: Electrical Permit - ETJ New construction multi-family 
MC1+HP 12 meters/house panel
MC2 12 meters","Austin / Travis County, TX (4915 E YAGER LN BLDG 9, Austin, TX)",2026-119155 EP,2026-09-11
68,ROCAL ELECTRIC GROUP,Municipal & Commercial Permits,,EVALUATED (UNVETTED FILING),Active municipal permit: Electrical Permit - Interior remodel - demolition construction of new ceilings finishes mechanical. electrical,"Austin / Travis County, TX (11500 N MOPAC EXPY SVRD SB BLDG B UNIT FLR2, Austin, TX)",2026-117449 EP,2026-09-11
69,Platinum Air Heating & Cooling,Municipal & Commercial Permits,,EVALUATED (UNVETTED FILING),Active municipal permit: Mechanical Permit - *Partial Demo* Interior remodel/partial garage conversion two-story SFR,"Austin / Travis County, TX (7800 GINKGO CV, Austin, TX)",2026-071796 MP,2026-09-11
70,"Alamo City Refrigeration, LLC",Municipal & Commercial Permits,,EVALUATED (UNVETTED FILING),"Active municipal permit: Mechanical Permit - Secondary Contractor*
Installing walk-in coolers and refrigeration systems","Austin / Travis County, TX (6401 NORTH HAMPTON DR, Austin, TX)",2026-119135 MP,2026-09-11
71,Roofer Chicks LLC,Municipal & Commercial Permits,,EVALUATED (UNVETTED FILING),Active municipal permit: Building Permit - EXPRESS: Re-Roofing with new decking,"Austin / Travis County, TX (1729 E 38TH HALF ST, Austin, TX)",2026-118285 BP,2026-09-11
72,American Residential Services (ARS),Municipal & Commercial Permits,,EVALUATED (UNVETTED FILING),Active municipal permit: Mechanical Permit - Replacement of complete existing central heat and air system with or without duct work,"Austin / Travis County, TX (500 W CRESTLAND DR, Austin, TX)",2026-111004 MP,2026-09-11
85,"Stan's Heating, Air, Plumbing, & Electrical",Municipal & Commercial Permits,,EVALUATED (UNVETTED FILING),Issued permit: Replacement of complete existing central heat and air system with or without duc,"13146 BAYFIELD DR, Austin, TX",2026-115098 MP,2026-09-11
86,Joseph Design Build**MAIN***,Municipal & Commercial Permits,,EVALUATED (UNVETTED FILING),Issued permit: ePlan: Residential Expedited Review - New construction of a 2-Story Single Famil,"709 W MONROE ST, Austin, TX",2025-115505 BP,2026-09-11
87,"Stan's Heating, Air, Plumbing, & Electrical",Municipal & Commercial Permits,,EVALUATED (UNVETTED FILING),Issued permit: Replacement of complete existing central heat and air system with or without duc,"6202 LARCH TER, Austin, TX",2026-113732 MP,2026-09-11
88,Registered Contractor,Municipal & Commercial Permits,,EVALUATED (UNVETTED FILING),Issued permit: Installing a new irrigation system,"12008 SALVADOR ST, Austin, TX",2026-117879 PP,2026-09-11
89,The Coolest LLC,Municipal & Commercial Permits,,EVALUATED (UNVETTED FILING),Issued permit: Replacement of complete existing central heat and air system with or without duc,"2601 MARIA ANNA RD, Austin, TX",2026-112631 MP,2026-09-11
90,Victory Plumbing Company,Municipal & Commercial Permits,,EVALUATED (UNVETTED FILING),"Issued permit: ETJ- New SFR (2370 Sq. Ft.)
REF: 2026-112632 WW","13602 RIDING DR, Austin, TX",2026-114486 PP,2026-09-11
91,C & S Services,Municipal & Commercial Permits,,EVALUATED (UNVETTED FILING),Issued permit: Replacement of complete existing central heat and air system with or without duc,"7205 EASTCREST DR, Austin, TX",2026-117424 MP,2026-09-11
92,HNH SERVICES,Municipal & Commercial Permits,,EVALUATED (UNVETTED FILING),Issued permit: ePlan: Commercial Expedited Review - New Construction of Athletic Center to Incl,"13401 ESCARPMENT BLVD BLDG REC, Austin, TX",2026-061183 PP,2026-09-11
93,"Stan's Heating, Air, Plumbing, & Electrical",Municipal & Commercial Permits,,EVALUATED (UNVETTED FILING),Issued permit: Replacement of complete existing central heat and air system with or without duc,"1016 SPEER LN, Austin, TX",2026-113735 MP,2026-09-11
94,Elite TXP Services,Municipal & Commercial Permits,,EVALUATED (UNVETTED FILING),Issued permit: Adding on a new master bedroom a new master walk in closet a new master bathroom,"5658 E OAK BLVD, Austin, TX",2026-094495 PP,2026-09-11
95,"Scorpion Construction Services, LLC",Municipal & Commercial Permits,,EVALUATED (UNVETTED FILING),Issued permit: Interior renovation of existing home including minor modifications to plumbing e,"6408 LEDGE MOUNTAIN DR, Austin, TX",2026-118708 BP,2026-09-11
96,PlumbPros,Municipal & Commercial Permits,,EVALUATED (UNVETTED FILING),Issued permit: 31 sewer replacement in front yard,"6017 AVERY ISLAND AVE, Austin, TX",2026-117321 PP,2026-09-11
97,Brookfield Residential Texas Homes LLC,Municipal & Commercial Permits,,EVALUATED (UNVETTED FILING),Issued permit: New SFR 2 - Story 4 bedroom 3.5 bath with attached 2-car garage covered front po,"8113 PEERLESS PASS, Austin, TX",2026-118709 BP,2026-09-11
24,Illinois Construction Legal,County Court Dockets & Filing Parties,contact@illinoislegal.com,VETTED (ARCHIVED),"Passed all scout qualification, MX deliverability, and commercial legitimacy checks","Cook County, IL",,2026-09-10T11:53:21.606660+00:00
25,Avana Capital,County Court Dockets & Filing Parties,test@avanacapital.com,VETTED (SOW_GENERATED),"Passed all scout qualification, MX deliverability, and commercial legitimacy checks","City of Austin, Travis County, TX",,2026-09-09T21:56:21.019832+00:00
26,"Alamo Title, Inc.",County Court Dockets & Filing Parties,jon@venturesmarter.com,VETTED (OUTREACH_SENT),"Passed all scout qualification, MX deliverability, and commercial legitimacy checks",State of Texas (statewide),,2026-09-09T21:53:42.507794+00:00
27,Interplan Llc,County Court Dockets & Filing Parties,patrick.ringlever@interplanllc.com,VETTED (OUTREACH_SENT),"Passed all scout qualification, MX deliverability, and commercial legitimacy checks","Altamonte Springs, Seminole County, FL",,2026-09-09T21:38:42.082214+00:00
28,Cheval Builders Inc.,County Court Dockets & Filing Parties,markie_wagner@lawyers.com,VETTED (ARCHIVED),"Passed all scout qualification, MX deliverability, and commercial legitimacy checks","Harris County, TX (Houston)",,2026-09-09T21:33:58.494043+00:00
29,Construction Finance Corporation (CoFi),County Court Dockets & Filing Parties,brendan.tansill@austinarchitects.org,VETTED (OUTREACH_SENT),"Passed all scout qualification, MX deliverability, and commercial legitimacy checks","City of Austin, Travis County, TX",,2026-09-09T21:15:26.479273+00:00
30,Construction & Realty Services Group,County Court Dockets & Filing Parties,kevin.wiles@zoominfo.com,VETTED (OUTREACH_SENT),"Passed all scout qualification, MX deliverability, and commercial legitimacy checks","Nassau County, NY (select Nassau County within the statewide WebCivil search)",,2026-09-09T21:12:40.275123+00:00
31,Drake Realty Group,County Court Dockets & Filing Parties,guerry_overcash@lawyers.com,VETTED (OUTREACH_SENT),"Passed all scout qualification, MX deliverability, and commercial legitimacy checks","Harris County, TX (Houston)",,2026-09-09T19:55:57.234281+00:00
32,Anywhere Real Estate,County Court Dockets & Filing Parties,mike.williams@send-anywhere.com,VETTED (OUTREACH_SENT),"Passed all scout qualification, MX deliverability, and commercial legitimacy checks","New York City (Manhattan/New York County; Bronx; Kings/Brooklyn; Queens; Richmond/Staten Island), NY",,2026-09-09T19:40:48.091673+00:00
33,Real Estate Settlement Company,County Court Dockets & Filing Parties,unblockrequest@realtor.com,VETTED (OUTREACH_SENT),"Passed all scout qualification, MX deliverability, and commercial legitimacy checks","Suffolk County, NY (serves Melville, NY)",,2026-09-09T17:13:23.971800+00:00
34,Capitol Recruiters Inc.,County Court Dockets & Filing Parties,geri@capitolrecruiters.com,VETTED (OUTREACH_SENT),"Passed all scout qualification, MX deliverability, and commercial legitimacy checks",U.S. Federal Courts (Nationwide),,2026-09-09T14:21:53.016070+00:00
98,"Estate of PEGGY DAVIS, TESTATOR",County Court Dockets & Probate,,EVALUATED (UNVETTED DOCKET),Probate Case #W006802 | Status: Closed | AFFIDAVIT OF PERSON ACQUAINTED WITH TESTATOR,"Dallas County Probate Court, TX",W006802,07/28/2026
99,"Estate of IN THE ESTATE OF: VLADYSLAV KHAIERLANAMOV, DECEASED",County Court Dockets & Probate,,EVALUATED (UNVETTED DOCKET),Probate Case #546346 | Status: Open | APP FOR INDEPENDENT ADMINISTRATION,"Dallas County Probate Court, TX",546346,07/28/2026
100,"Estate of IN THE ESTATE OF: BRUCE SIMON, DECEASED",County Court Dockets & Probate,,EVALUATED (UNVETTED DOCKET),Probate Case #546344 | Status: Open | Probate Filing,"Dallas County Probate Court, TX",546344,07/28/2026
101,"Estate of IN THE ESTATE OF: RUBY RODECK EHRLUND, DECEASED",County Court Dockets & Probate,,EVALUATED (UNVETTED DOCKET),Probate Case #546294 | Status: Open | APP FOR PROBATE OF WILL AS MUNIMENT OF TITLE,"Dallas County Probate Court, TX",546294,07/28/2026
102,"Estate of IN THE ESTATE OF: CHARLES RAY THOMAS, DECEASED",County Court Dockets & Probate,,EVALUATED (UNVETTED DOCKET),Probate Case #546292 | Status: Open | APP FOR PROBATE OF WILL AND ISSUANCE OF LETTERS TESTAMENTARY,"Dallas County Probate Court, TX",546292,07/28/2026
103,"Estate of IN THE ESTATE OF: TERRI BARZIZA MOSSER, DECEASED",County Court Dockets & Probate,,EVALUATED (UNVETTED DOCKET),Probate Case #546291 | Status: Open | APP FOR PROBATE OF WILL AND ISSUANCE OF LETTERS TESTAMENTARY,"Dallas County Probate Court, TX",546291,07/28/2026
104,"Estate of IN THE ESTATE OF: WILLIAM HOWARD JONES, JR., DECEASED",County Court Dockets & Probate,,EVALUATED (UNVETTED DOCKET),Probate Case #546290 | Status: Open | APP FOR PROBATE OF WILL AND ISSUANCE OF LETTERS TESTAMENTARY,"Dallas County Probate Court, TX",546290,07/28/2026
105,"Estate of IN THE ESTATE OF: MARY CORTEZ CANTU, DECEASED",County Court Dockets & Probate,,EVALUATED (UNVETTED DOCKET),Probate Case #546289 | Status: Open | APP FOR INDEPENDENT ADMINISTRATION WTIH HEIRSHIP,"Dallas County Probate Court, TX",546289,07/28/2026
106,"Estate of IN THE ESTATE OF: RUBEN CORONA CANTU, DECEASED",County Court Dockets & Probate,,EVALUATED (UNVETTED DOCKET),Probate Case #546288 | Status: Open | APP FOR INDEPENDENT ADMINISTRATION WTIH HEIRSHIP,"Dallas County Probate Court, TX",546288,07/28/2026
107,"Estate of IN THE ESTATE OF: RYAN RAMNARINE, DECEASED",County Court Dockets & Probate,,EVALUATED (UNVETTED DOCKET),Probate Case #546287 | Status: Closed | SMALL ESTATE AFFIDAVIT,"Dallas County Probate Court, TX",546287,07/28/2026
108,"Estate of IN THE ESTATE OF: JAMES DONOVAN BAKER, DECEASED",County Court Dockets & Probate,,EVALUATED (UNVETTED DOCKET),Probate Case #546286 | Status: Closed | APP FOR PROBATE OF WILL AS MUNIMENT OF TITLE,"Dallas County Probate Court, TX",546286,07/28/2026
109,"Estate of IN THE ESTATE OF: JANICE BRAGG, DECEASED",County Court Dockets & Probate,,EVALUATED (UNVETTED DOCKET),Probate Case #546285 | Status: Open | APP FOR PROBATE OF WILL AND ISSUANCE OF LETTERS TESTAMENTARY,"Dallas County Probate Court, TX",546285,07/28/2026
110,"Estate of IN THE ESTATE OF: JON BRUCE SHEWARD, DECEASED",County Court Dockets & Probate,,EVALUATED (UNVETTED DOCKET),Probate Case #546284 | Status: Open | APP FOR PROBATE OF WILL AND ISSUANCE OF LETTERS TESTAMENTARY,"Dallas County Probate Court, TX",546284,07/28/2026
111,"Estate of IN THE ESTATE OF: ALAN HERSCHEL LEVITT, DECEASED",County Court Dockets & Probate,,EVALUATED (UNVETTED DOCKET),Probate Case #546283 | Status: Open | Probate Filing,"Dallas County Probate Court, TX",546283,07/28/2026
112,"Estate of IN THE ESTATE OF: NILDA R. COLON, DECEASED",County Court Dockets & Probate,,EVALUATED (UNVETTED DOCKET),Probate Case #546282 | Status: Open | APP FOR PROBATE OF FOREIGN WILL,"Dallas County Probate Court, TX",546282,07/28/2026
113,"Estate of IN THE ESTATE OF: JOHN R. LOZANO, DECEASED",County Court Dockets & Probate,,EVALUATED (UNVETTED DOCKET),Probate Case #546281 | Status: Open | APP FOR PROBATE OF WILL AND ISSUANCE OF LETTERS TESTAMENTARY,"Dallas County Probate Court, TX",546281,07/28/2026
114,"Estate of IN THE ESTATE OF: JOHN HENRY CURBELLO, DECEASED",County Court Dockets & Probate,,EVALUATED (UNVETTED DOCKET),Probate Case #546280 | Status: Open | APP FOR PROBATE OF WILL AND ISSUANCE OF LETTERS TESTAMENTARY,"Dallas County Probate Court, TX",546280,07/28/2026
115,"Estate of IN THE ESTATE OF: LEOKADIA F. RICHARDSON, DECEASED",County Court Dockets & Probate,,EVALUATED (UNVETTED DOCKET),Probate Case #546279 | Status: Open | APP FOR INDEPENDENT ADMINISTRATION WTIH HEIRSHIP,"Dallas County Probate Court, TX",546279,07/28/2026
116,"Estate of IN THE ESTATE OF: MARIA AUXILIO GUZMAN, DECEASED",County Court Dockets & Probate,,EVALUATED (UNVETTED DOCKET),Probate Case #546278 | Status: Closed | APP FOR PROBATE OF WILL AS MUNIMENT OF TITLE,"Dallas County Probate Court, TX",546278,07/28/2026
117,"Estate of IN THE ESTATE OF: PATRICIA ANN DOBESH, DECEASED",County Court Dockets & Probate,,EVALUATED (UNVETTED DOCKET),Probate Case #546277 | Status: Open | APP FOR PROBATE OF WILL AND ISSUANCE OF LETTERS TESTAMENTARY,"Dallas County Probate Court, TX",546277,07/28/2026
118,"Estate of IN THE ESTATE OF: CHARLES RAY MORRIS, JR., DECEASED",County Court Dockets & Probate,,EVALUATED (UNVETTED DOCKET),Probate Case #546276 | Status: Open | APP FOR PROBATE OF WILL NON-PRODUCIBLE IN COURT,"Dallas County Probate Court, TX",546276,07/28/2026
119,"Estate of IN THE ESTATE OF: HAROLD METTS, DECEASED",County Court Dockets & Probate,,EVALUATED (UNVETTED DOCKET),Probate Case #546275 | Status: Open | APP FOR PROBATE OF WILL AND ISSUANCE OF LETTERS TESTAMENTARY,"Dallas County Probate Court, TX",546275,07/28/2026
120,"Estate of IN THE ESTATE OF: REYNALDO ESCOBEDO, DECEASED",County Court Dockets & Probate,,EVALUATED (UNVETTED DOCKET),Probate Case #546274 | Status: Open | APP FOR PROBATE OF WILL AND ISSUANCE OF LETTERS TESTAMENTARY,"Dallas County Probate Court, TX",546274,07/28/2026
121,"Estate of IN THE ESTATE OF: CARLOS A. IBARRA, DECEASED",County Court Dockets & Probate,,EVALUATED (UNVETTED DOCKET),Probate Case #546273 | Status: Open | APP FOR PROBATE OF WILL AS MUNIMENT OF TITLE,"Dallas County Probate Court, TX",546273,07/28/2026
122,"Estate of IN THE ESTATE OF: MUN Y. GIAM, DECEASED",County Court Dockets & Probate,,EVALUATED (UNVETTED DOCKET),Probate Case #546272 | Status: Open | APP FOR PROBATE OF WILL AND ISSUANCE OF LETTERS TESTAMENTARY,"Dallas County Probate Court, TX",546272,07/28/2026
